index,stress,l1_angle,edge,ring,tsne,xing
10000,742.24506,108.95889,0.1202573,345.41376,0.3188857147721337,24.0
10001,91.14553,70.86936,0.067039944,133.92987,0.1593817750258878,12.0
10002,127.55471,82.60186,0.08758098,156.94006,0.1779449897497772,23.0
10003,67.03667,44.758347,0.06664814,82.73029,0.1670775716061007,5.0
10004,263.41,74.21898,0.096799396,274.74146,0.2080392865577484,35.0
10005,859.9438,150.35585,0.1750717,480.97455,0.291435816847586,66.0
10006,632.80927,143.82468,0.123260304,471.0928,0.2472125759978301,78.0
10007,118.554184,50.07379,0.0992063,144.56615,0.1897985615772617,12.0
10008,4.233555,28.32073,0.03291107,26.95461,0.0822706678126435,3.0
10009,714.9905,152.01668,0.1605863,503.2001,0.2844303745003975,85.0
10010,9.398114,21.325207,0.037285943,29.927668,0.0904863498537792,2.0
10011,12.62088,40.778004,0.032100577,47.031532,0.1196387395681661,5.0
10012,23.86597,35.37815,0.054460973,53.113953,0.1345523163043173,7.0
10013,8.585686,26.95625,0.03285156,30.671785,0.0919310984011479,1.0
10014,641.00055,113.2578,0.13541056,429.0846,0.2860114791508591,55.0
10015,786.73834,168.04762,0.13278851,515.7873,0.3104023559402564,98.0
10016,92.9584,54.25445,0.083095126,120.80879,0.1631898317316087,10.0
10017,331.65863,98.05605,0.1373619,281.0417,0.2451718109752358,41.0
10018,636.31006,144.74109,0.13268955,496.82312,0.2518725981844212,76.0
10019,873.39307,180.57494,0.16186194,633.81793,0.2699561024631994,121.0
10020,662.9188,120.50312,0.119962156,371.14178,0.2681500889295928,38.0
10021,713.6728,132.55313,0.15437303,393.04538,0.3039369618600727,50.0
10022,597.9486,115.40519,0.12644506,410.86694,0.2582473413814408,47.0
10023,1045.8676,198.8219,0.19014235,683.88196,0.3201025728874226,153.0
10024,724.8878,155.64261,0.122985005,532.3695,0.2679630201470132,94.0
10025,0.832883,9.613943,0.011791043,11.506638,0.0384894812873243,0.0
10026,179.87581,66.255585,0.093032576,155.74657,0.1932871459901961,11.0
10027,620.43604,156.56859,0.13142289,408.82645,0.2963293622800846,73.0
10028,479.68655,120.020035,0.14694151,335.62454,0.260698402834593,47.0
10029,768.87933,170.78232,0.13236004,534.6782,0.2722148394098101,93.0
10030,880.8797,145.9888,0.1661638,530.7989,0.3112783119760777,85.0
10031,91.3861,77.026115,0.08826791,125.53453,0.1532473445384206,13.0
10032,2.6604567,21.119373,0.015677573,18.59714,0.0532165812315668,0.0
10033,2.3375406,11.903583,0.020347979,16.581041,0.0645436445119162,0.0
10034,172.11023,84.16151,0.081497766,187.13475,0.1512943697837158,13.0
10035,71.44582,65.8639,0.0707261,117.33598,0.1410049179413235,17.0
10036,8.408833,20.65709,0.049293097,26.644238,0.0909817345570819,2.0
10037,980.52826,176.30017,0.15685862,590.53516,0.3032890909170194,94.0
10038,186.92805,59.98712,0.07363786,162.51375,0.1932326765440809,9.0
10039,27.32256,37.143047,0.04266939,62.373352,0.1247235930538794,5.0
10040,12.0027685,35.237904,0.05075879,35.220116,0.0938590452425373,3.0
10041,176.4746,74.88723,0.12804002,167.79659,0.2431899046658033,31.0
10042,169.84654,79.75703,0.10088163,210.97664,0.2014197576025567,36.0
10043,98.774536,58.891247,0.07104847,137.93045,0.1473466892606897,10.0
10044,38.12141,38.012215,0.072440594,63.84109,0.1409587004668278,7.0
10045,752.3159,123.50313,0.1330857,433.82288,0.2680743847365722,47.0
10046,484.73007,114.85594,0.12101429,350.8402,0.2552365264894253,41.0
10047,137.67355,56.338406,0.05510516,106.16815,0.1519051301547745,4.0
10048,409.50577,107.749855,0.10021572,342.96747,0.253484753335148,46.0
10049,96.4182,64.76209,0.0693582,144.81456,0.1536605025582388,15.0
10050,446.20297,144.98782,0.10547897,413.94742,0.2224016160016558,58.0
10051,823.2163,148.7463,0.1579615,544.8603,0.293220626434116,103.0
10052,117.836876,53.39498,0.0869117,123.55897,0.1936160867160135,11.0
10053,174.03679,88.1719,0.1237333,197.63557,0.2271756704510417,53.0
10054,92.33306,60.577625,0.058607575,141.07425,0.1543681844413545,11.0
10055,0.9639554,1.8482171,0.009667024,13.600045,0.0403531443743085,0.0
10056,315.47855,104.232796,0.1093527,246.3,0.1931401681395356,20.0
10057,594.684,177.36461,0.10884467,528.82184,0.2297407442687225,85.0
10058,257.0103,86.76446,0.103790626,264.2611,0.2310045914796566,43.0
10059,622.131,155.55118,0.1720443,505.40796,0.2749645736331667,115.0
10060,1019.9154,188.61737,0.19062106,666.30505,0.3043195691353421,149.0
10061,528.17535,147.0582,0.09655017,394.3934,0.218434155119693,40.0
10062,674.99426,152.3471,0.12602283,476.28934,0.2775466848702159,68.0
10063,19.165312,30.230923,0.03536279,62.761368,0.104123306119958,2.0
10064,524.8796,134.37724,0.11664493,402.56357,0.2298128096796755,34.0
10065,123.767204,47.96821,0.04548406,132.68048,0.1831038052458906,8.0
10066,18.812607,21.168318,0.046624515,42.95243,0.0742404174919744,1.0
10067,119.28072,63.557896,0.08901496,134.09554,0.1851663536919225,12.0
10068,188.77231,68.02715,0.074028574,193.86859,0.1876723950542637,16.0
10069,66.70953,58.624725,0.05758883,104.52735,0.1377635925557978,9.0
10070,65.47819,57.65428,0.054048188,107.057205,0.1163201321918066,5.0
10071,374.29074,90.78423,0.124291986,340.10364,0.2655973466981708,76.0
10072,73.434166,60.30676,0.091593,116.06427,0.1537100369218125,13.0
10073,10.072216,15.790619,0.035887536,35.717834,0.0759167852074146,0.0
10074,621.8451,144.95222,0.118587844,444.07333,0.2278839124919054,51.0
10075,158.84956,79.06572,0.107412465,187.27441,0.2111109294024569,41.0
10076,101.28939,73.720184,0.083502345,138.22421,0.1835938159745554,13.0
10077,659.16064,119.036316,0.1261915,466.30194,0.2692430385274935,73.0
10078,377.92444,120.902504,0.10418117,313.96494,0.2173480603458787,30.0
10079,20.79492,27.922085,0.034068603,48.75723,0.061127911141369,0.0
10080,99.960815,60.984695,0.06046954,145.9723,0.1637779438529705,14.0
10081,23.074692,15.379581,0.033678897,52.07519,0.0874740639924109,0.0
10082,5.9750876,23.694496,0.027314402,25.481749,0.0690562310868165,1.0
10083,43.63557,36.45498,0.058606006,75.53534,0.1218856399683134,6.0
10084,383.33344,88.58347,0.13707983,285.3414,0.2676000515858092,28.0
10085,111.999,69.214554,0.09621244,150.81352,0.1880429051250796,24.0
10086,166.32782,77.733826,0.08085359,205.94391,0.211634705385203,37.0
10087,21.919394,24.677986,0.024308603,60.950222,0.0761034108416646,0.0
10088,522.6873,116.70834,0.14298464,396.39218,0.265726847224883,64.0
10089,298.47147,122.67857,0.118545234,306.48666,0.2074989709494547,55.0
10090,109.16983,50.549454,0.053827956,130.02605,0.1294000401327124,3.0
10091,6.3811145,19.946465,0.035458386,17.427134,0.1011755462435223,1.0
10092,44.780083,39.84879,0.05164262,76.53524,0.125939644992588,5.0
10093,362.5641,96.6334,0.08007101,279.5048,0.2322505387392905,30.0
10094,233.62001,82.403305,0.10454293,211.74544,0.2099614194247908,22.0
10095,13.4020815,44.980534,0.047128316,43.31849,0.1248149596757095,10.0
10096,766.18085,143.26962,0.11654571,466.86264,0.2649166617226107,50.0
10097,79.841484,47.812218,0.07095588,99.02685,0.1681852208337298,6.0
10098,326.09958,110.841446,0.14443542,266.15738,0.2661250199888799,56.0
10099,251.0498,120.52951,0.11806939,292.0571,0.2002081645653076,62.0
10100,590.2254,127.13385,0.11912338,492.1401,0.2542646789674428,80.0
10101,0.9789524,9.066132,0.005621468,16.459017,0.0552334512291132,0.0
10102,37.360973,53.846786,0.05106692,80.21845,0.0857983496278847,2.0
10103,7.6745396,28.294188,0.044855025,22.134626,0.093503554676158,3.0
10104,16.38102,13.9976,0.025157776,43.172314,0.0811161171979182,0.0
10105,51.23845,46.750156,0.061124552,85.10989,0.1106644447761401,3.0
10106,7.3197074,14.366559,0.03137219,28.580988,0.0841939247296792,1.0
10107,35.499325,33.785576,0.060798086,63.55813,0.1275944203150831,6.0
10108,63.1492,34.553444,0.049849913,99.20408,0.1300171303745189,3.0
10109,121.410126,81.09595,0.09638543,155.73602,0.1624268884673176,17.0
10110,19.160862,29.122864,0.061322648,42.177917,0.1235679572252201,4.0
10111,761.3554,133.40144,0.14603905,521.015,0.2730204638130218,78.0
10112,7.248044,21.488512,0.026936369,25.168335,0.0875535621916631,1.0
10113,144.66125,72.94284,0.0606367,185.7368,0.1460022934465979,11.0
10114,23.545671,16.322044,0.036591295,35.551342,0.0899373077691839,1.0
10115,721.4225,164.5954,0.16624534,561.6656,0.2823545030458945,122.0
10116,12.915009,37.263363,0.060734674,37.453495,0.0990119331302463,7.0
10117,329.55826,75.57974,0.10772672,202.18263,0.2614141739677261,15.0
10118,243.51633,97.163345,0.07474734,240.61331,0.1822344407318392,22.0
10119,105.21428,63.31423,0.07438057,126.26175,0.1568704270457064,11.0
10120,43.145454,48.807297,0.041962486,84.19328,0.0990387511887289,2.0
10121,16.199886,37.521797,0.029056842,52.711964,0.0650350938579258,1.0
10122,39.7128,47.313274,0.04096505,76.63135,0.078443479276032,0.0
10123,8.667079,10.2825365,0.020951629,29.841694,0.0760121427810032,0.0
10124,2.6425104,19.191835,0.025622223,20.167015,0.0581450790003881,1.0
10125,644.5851,140.8799,0.16001265,463.7398,0.2837447653790733,88.0
10126,575.0859,142.90494,0.14978519,426.5191,0.2744705219277889,80.0
10127,3.6009996,27.452204,0.023304148,23.102068,0.0598179996691135,0.0
10128,81.421555,54.473034,0.06286043,114.429474,0.1753218965373261,13.0
10129,509.28622,121.83416,0.1217996,406.01215,0.2492989668038818,70.0
10130,404.69073,86.96693,0.10766187,299.4176,0.2375453130269607,29.0
10131,181.78592,71.39172,0.073896036,178.8659,0.1762607788756938,12.0
10132,124.15057,83.20471,0.076452985,174.49562,0.1633514474393583,23.0
10133,331.781,104.223434,0.13487752,291.956,0.240700615384921,48.0
10134,794.6336,146.01714,0.14356929,592.30505,0.3030931037317806,116.0
10135,43.289043,48.59899,0.05637779,87.14819,0.1007546136662108,4.0
10136,10.113688,34.79725,0.042294066,37.76162,0.0984370613804059,5.0
10137,7.486546,20.782387,0.024663003,32.352024,0.0626392840849122,0.0
10138,262.98053,94.56231,0.096347705,206.42734,0.207697720087368,21.0
10139,289.4107,94.61149,0.08412294,241.82133,0.1968005147641304,22.0
10140,61.04295,48.61109,0.049519252,80.53945,0.117224098506244,2.0
10141,1.2659869,3.0994613,0.012916187,13.077638,0.0365547096789917,0.0
10142,334.0746,83.88412,0.11230304,228.3921,0.2518150554698575,25.0
10143,834.4117,192.61201,0.16780423,639.7677,0.2968764106267917,159.0
10144,1032.2969,177.17924,0.1692743,743.1312,0.3190468438990327,192.0
10145,496.0165,128.97774,0.1557731,384.49698,0.3082443258500473,91.0
10146,111.52097,64.47997,0.080230005,125.24686,0.1699580572346155,14.0
10147,394.12155,84.75196,0.124243096,309.63083,0.261994635797118,37.0
10148,839.02686,166.95079,0.14556305,570.8182,0.277270341455404,98.0
10149,4.5012474,15.204533,0.01564138,23.695763,0.0551978322976086,0.0
10150,12.090584,25.229126,0.04842116,36.155907,0.0861148932153117,2.0
10151,5.531687,24.37653,0.022626616,27.106842,0.0713555419610273,0.0
10152,252.40442,107.2274,0.088808544,219.62465,0.1901414589701807,19.0
10153,127.082085,60.982193,0.08425709,149.51894,0.1851552174683492,18.0
10154,432.72424,92.84346,0.10926167,292.95462,0.2587223053228381,29.0
10155,14.573269,30.82045,0.033204038,54.392574,0.087874017733569,2.0
10156,97.90449,55.29857,0.08501301,136.19302,0.1515466038496525,13.0
10157,110.738235,83.66506,0.058953706,149.83136,0.1295200931097841,12.0
10158,10.122665,34.92189,0.038272843,35.74828,0.0913330907741769,3.0
10159,336.0529,113.08991,0.1058818,318.40775,0.2301067243467217,52.0
10160,110.45012,60.111156,0.06917527,118.19266,0.1778090919325089,9.0
10161,463.10297,94.03691,0.12036777,319.14395,0.2720343059914218,37.0
10162,815.3162,148.91704,0.13828948,550.1008,0.3001967423453424,78.0
10163,152.20656,72.16964,0.074209265,151.5513,0.1532359939827694,5.0
10164,93.85642,59.853863,0.0639218,121.720345,0.1526255495336899,8.0
10165,260.94916,92.87555,0.09542424,192.88008,0.2259967531382515,17.0
10166,13.729484,26.044386,0.043842945,38.34875,0.0885963518259226,2.0
10167,98.913765,54.80877,0.062413994,131.98303,0.161061026699528,11.0
10168,26.463114,49.738083,0.04406678,62.465668,0.0814356078222067,3.0
10169,730.0715,123.89276,0.12939389,432.24783,0.3077739362067066,61.0
10170,385.83255,99.02106,0.115262836,265.53906,0.279570927251397,32.0
10171,59.537636,36.27953,0.067037374,83.6494,0.1541359157823592,5.0
10172,630.34656,150.25554,0.12386642,397.47256,0.272135709705486,44.0
10173,442.90564,136.67207,0.14515059,382.14465,0.2046987194654079,57.0
10174,912.3158,155.9371,0.14921395,571.2451,0.293256679367387,97.0
10175,869.91077,146.79738,0.15692452,568.02985,0.2908303258470775,87.0
10176,253.61258,93.641365,0.09717896,222.05205,0.2514325276242629,34.0
10177,10.571103,28.384333,0.039302427,27.713058,0.0891753379988432,1.0
10178,241.38869,99.90442,0.11261784,230.91486,0.2046576233650595,29.0
10179,436.58624,121.287895,0.10168971,365.70255,0.2273089888381075,46.0
10180,81.21045,57.749695,0.06025046,107.07498,0.1271011319547818,4.0
10181,436.898,91.998825,0.11159838,327.61035,0.263023126437986,48.0
10182,349.86682,99.26631,0.10201959,320.16913,0.2508619216648095,51.0
10183,6.829443,32.53579,0.029007526,33.536755,0.0529822471174467,1.0
10184,451.55475,109.37137,0.08825888,346.7068,0.231246360456804,36.0
10185,565.873,133.46854,0.14405993,445.29648,0.2814919348224596,95.0
10186,643.983,121.97721,0.13507204,407.88245,0.2968358089322939,60.0
10187,803.891,165.6209,0.16486585,605.3473,0.2690266809073968,97.0
10188,36.132214,58.965477,0.05391045,85.55118,0.0765297568733056,3.0
10189,745.87036,143.23785,0.15426308,513.5607,0.2952475020035993,80.0
10190,57.14888,50.45053,0.06303627,101.725914,0.1111065138343235,7.0
10191,85.83764,46.073776,0.064823404,116.94105,0.1503274911582566,8.0
10192,212.15877,89.86198,0.11194855,210.21696,0.2020644081437484,28.0
10193,121.918625,81.3829,0.096412465,141.04309,0.1963512386273639,21.0
10194,52.257355,73.06493,0.053196803,97.336334,0.1096405269428735,4.0
10195,866.00793,160.42325,0.15287445,637.9798,0.2931190026072304,134.0
10196,561.13104,165.64513,0.13808466,443.08667,0.2650740349792362,71.0
10197,353.94058,112.56067,0.12544082,296.97046,0.2354663379885487,44.0
10198,400.4871,116.152794,0.10657328,316.95068,0.262377090225697,44.0
10199,26.340723,46.64667,0.03999012,72.88961,0.0842282042106465,5.0
10200,144.35054,97.479805,0.103602596,181.15778,0.188852028134882,29.0
10201,303.58832,119.68891,0.10610547,273.103,0.2124840561037854,31.0
10202,109.8982,66.24221,0.087874375,145.33908,0.1706597418031455,18.0
10203,522.08563,133.70935,0.101495415,423.45605,0.245760861808382,58.0
10204,4.3598337,23.132036,0.03243222,17.678278,0.0630159955846263,1.0
10205,5.762407,30.342648,0.022672487,32.511147,0.0494417253053117,0.0
10206,345.73163,93.38099,0.11430182,302.7111,0.2296191116465802,46.0
10207,110.51718,58.385853,0.07889871,128.0272,0.2120060266887428,15.0
10208,234.15369,87.41335,0.10387677,233.79932,0.1975067759734258,24.0
10209,378.99396,121.92981,0.11228042,322.7858,0.2131356406384202,43.0
10210,21.261467,40.619446,0.039950296,68.28643,0.0920381234872848,1.0
10211,455.40167,115.55681,0.12272431,399.2207,0.2509264297677613,70.0
10212,72.799286,51.130505,0.064837135,116.11543,0.1640025848184229,11.0
10213,0.9632332,2.5690217,0.009154804,12.847939,0.040454532323802,0.0
10214,17.633093,20.538713,0.045498155,46.242172,0.1048993333757903,3.0
10215,301.76138,114.4852,0.11066923,313.96088,0.2167987501355442,52.0
10216,8.854837,37.579205,0.027654601,38.83892,0.0485403607372725,0.0
10217,622.66833,138.01755,0.18425034,393.9551,0.3009443206105092,63.0
10218,9.8175335,25.625536,0.021146022,34.45117,0.0653426833943504,0.0
10219,175.79489,81.65119,0.12161333,186.84123,0.2033641835908255,25.0
10220,6.4373345,25.785069,0.04010975,27.966595,0.084301580250414,3.0
10221,152.21785,83.83864,0.08930672,190.97943,0.1929701387110791,33.0
10222,15.799845,37.610104,0.039175536,49.9167,0.0902141091504315,3.0
10223,166.25494,83.0841,0.06683656,214.39633,0.1525429080693753,20.0
10224,94.66236,41.909637,0.055987705,100.39504,0.1533670731139425,5.0
10225,82.45857,66.12345,0.07294363,126.595245,0.1775185887662734,29.0
10226,52.368248,27.046711,0.04493134,68.808205,0.0932696629763499,1.0
10227,7.3518844,15.838466,0.023583315,27.099876,0.0943481073933832,0.0
10228,69.81302,32.314247,0.058322165,105.289314,0.1551001981897237,3.0
10229,255.44023,72.00061,0.09312167,198.40813,0.2510876247006299,16.0
10230,739.56714,109.13873,0.124710836,405.13373,0.280486905944907,38.0
10231,59.431488,68.41794,0.057566524,105.464134,0.1438394657953002,10.0
10232,374.94424,148.15543,0.12397746,396.46698,0.2219883275358215,97.0
10233,426.48685,122.222595,0.117243215,396.92346,0.239085416152933,79.0
10234,336.57956,112.911415,0.14602849,296.92117,0.2647286205113986,68.0
10235,184.38345,73.83841,0.10968304,209.08583,0.1990104476576133,27.0
10236,23.162638,31.104006,0.036888607,51.796135,0.0944079762029397,1.0
10237,0.6058717,9.485342,0.0059132413,14.408199,0.0450375068419451,0.0
10238,17.356667,40.394764,0.04055821,48.446938,0.1144142695342731,5.0
10239,620.93396,139.67374,0.11723328,468.1392,0.2704296552576651,78.0
10240,515.35345,112.60643,0.12232883,397.15314,0.2631863240264878,43.0
10241,383.39816,106.07796,0.093383916,279.17505,0.2456213479001966,31.0
10242,78.13181,39.227764,0.058945578,113.87038,0.1486609435878339,5.0
10243,200.03983,94.55585,0.09108326,207.78569,0.1698197465598937,20.0
10244,669.9031,125.980225,0.19014485,496.77188,0.3018637699735667,99.0
10245,597.041,113.70979,0.12811543,367.0295,0.2733326190017172,43.0
10246,59.537636,36.27953,0.067037374,83.6494,0.1541359157823592,5.0
10247,142.56927,65.99906,0.056654133,166.8924,0.1565414912779344,12.0
10248,514.25696,131.02116,0.12708394,378.41876,0.2579288632118839,53.0
10249,242.1424,103.64154,0.1289037,262.50006,0.1918887969264583,40.0
10250,418.49075,110.43927,0.10415693,306.05344,0.2320734512600545,35.0
10251,348.3921,104.12241,0.110602915,328.10452,0.2156346006532564,46.0
10252,3.1413553,3.0583036,0.015895557,14.658029,0.051849424583804,0.0
10253,21.25876,19.81551,0.034155115,48.61383,0.0681516162324109,0.0
10254,395.7995,122.27034,0.14775257,373.18857,0.2527341088305496,89.0
10255,648.93585,126.71713,0.13513888,474.15915,0.2668756874050528,77.0
10256,745.5082,173.52556,0.1740163,588.5593,0.2702693292563281,129.0
10257,4.428052,20.26099,0.022825083,23.186237,0.0666139749537276,0.0
10258,28.709461,40.506573,0.043783627,66.15456,0.1300344442611878,3.0
10259,198.64069,75.93758,0.0971084,219.53271,0.1981252867819594,25.0
10260,173.06352,65.336174,0.06362381,148.98283,0.2053615925508326,10.0
10261,461.39215,105.99508,0.11163639,358.0338,0.2419850916818326,45.0
10262,387.99826,134.83694,0.11809104,342.5414,0.2408258853398003,61.0
10263,126.18524,54.74642,0.08997895,147.56279,0.2042547926161037,13.0
10264,155.47763,78.934616,0.08779606,161.10913,0.2023769410012675,13.0
10265,12.039592,17.794971,0.030697476,31.784563,0.1032394133010379,1.0
10266,854.4128,167.39215,0.18297866,590.18317,0.2966444583440434,117.0
10267,16.295387,39.964634,0.031235239,55.909546,0.0761965628299786,0.0
10268,55.287777,54.213562,0.056399286,98.55041,0.145376973584902,10.0
10269,38.37015,35.189796,0.06200154,64.620674,0.1443508933853498,8.0
10270,138.90437,71.51031,0.10446305,163.85,0.2005895624382196,27.0
10271,93.821205,62.84589,0.1049214,111.704025,0.1541103254162543,11.0
10272,72.30112,55.140057,0.092912465,120.501335,0.1581657696859788,23.0
10273,86.91485,68.9471,0.07487618,138.42656,0.1760610647900384,11.0
10274,150.67387,63.18675,0.08588733,183.6219,0.1723390644016425,11.0
10275,21.328575,19.156334,0.03323207,51.092903,0.070120260959264,0.0
10276,45.862957,33.87945,0.06461498,61.30299,0.121716151810185,4.0
10277,36.43715,41.695168,0.050495856,78.58585,0.1085764278367822,2.0
10278,566.3209,146.6396,0.13021825,470.43533,0.2518033192187018,79.0
10279,119.488556,57.922714,0.07962919,151.78447,0.1857237334835955,22.0
10280,958.19135,184.08101,0.18245412,712.4232,0.3179399067155278,191.0
10281,145.88927,70.38544,0.08101187,155.10716,0.1799934503540198,12.0
10282,95.34894,72.39256,0.05523529,148.27626,0.1182643373551582,7.0
10283,31.160553,42.50842,0.033056032,67.90219,0.0915943974886187,1.0
10284,890.6239,169.6834,0.14420101,614.81384,0.2942750690422476,130.0
10285,270.8038,99.71832,0.09964986,269.52777,0.2185771570671479,30.0
10286,48.242294,46.812916,0.056827977,85.943535,0.1464570378218548,6.0
10287,6.2941284,6.7512693,0.017727168,29.764505,0.0491849803973875,0.0
10288,273.8141,115.5327,0.119059116,260.53748,0.2254891712596256,45.0
10289,342.29846,91.633644,0.12387309,275.2619,0.2497180714823045,36.0
10290,552.0153,166.50697,0.13630643,478.4955,0.2669303070300745,120.0
10291,12.031958,23.818642,0.04029276,30.668894,0.0954879924077004,1.0
10292,60.20851,44.766342,0.05783864,78.74428,0.1360546664644777,3.0
10293,5.6460047,26.971943,0.02640123,26.876612,0.0827480017556083,1.0
10294,1026.8531,210.15257,0.20012285,792.0127,0.2928249078039218,209.0
10295,673.17194,143.09033,0.15312348,514.8533,0.2599072787272717,101.0
10296,97.20623,64.22386,0.06536551,130.0292,0.1681794818313529,11.0
10297,8.363039,32.645863,0.03629554,35.77883,0.0724916828276935,3.0
10298,21.73586,10.523751,0.03554172,53.406654,0.102880904627011,0.0
10299,861.30994,161.57193,0.18315852,598.647,0.3080075294678556,137.0
10300,10.717599,18.65444,0.03016787,32.91323,0.0951749009135667,1.0
10301,0.7773473,2.2144535,0.009377341,12.541324,0.0389108253871108,0.0
10302,17.560818,22.84676,0.026441274,47.610313,0.0913234464340922,1.0
10303,325.9423,106.586044,0.1098823,301.35452,0.2312075417140236,50.0
10304,198.62042,94.352455,0.08314862,198.38934,0.2048135245392077,19.0
10305,775.6365,143.1749,0.15133402,462.51593,0.2779391054424437,58.0
10306,501.59888,127.95117,0.13802025,350.10104,0.2754082713749964,50.0
10307,137.55273,53.69933,0.10429232,157.19289,0.1982637554529118,21.0
10308,217.28879,80.40237,0.07963217,244.71498,0.1967755192011656,35.0
10309,26.975443,48.826878,0.050828833,59.164658,0.113461393219439,5.0
10310,754.93884,170.42513,0.131947,525.0222,0.2605640866065205,83.0
10311,329.52716,126.762344,0.11200696,349.8882,0.2391363504200593,90.0
10312,8.4388485,31.567085,0.03218265,29.909443,0.0609559642590229,1.0
10313,63.247185,34.784565,0.07421744,90.52085,0.1276013140376922,3.0
10314,302.3926,122.03272,0.12719472,317.24335,0.2325700209564078,88.0
10315,27.613697,23.560022,0.044817522,47.081932,0.1163262377433065,1.0
10316,114.22871,65.68672,0.07307723,143.93214,0.1751080771088067,15.0
10317,238.76479,111.345406,0.12797865,242.04103,0.2331982230018992,55.0
10318,11.396166,38.197178,0.05350716,36.179256,0.0836356264548403,5.0
10319,40.646584,47.206417,0.051638123,72.21098,0.094433712589713,2.0
10320,359.03235,84.765396,0.080891006,243.46603,0.2235817052084528,17.0
10321,787.77594,148.59908,0.14500771,550.59454,0.2920830266803724,76.0
10322,135.081,54.935562,0.07715114,144.82637,0.1756567505042595,10.0
10323,105.76567,64.77814,0.075600445,124.5215,0.1781448197193524,10.0
10324,195.8381,95.948006,0.08781736,182.05177,0.1795174724359175,15.0
10325,4.85859,12.0002365,0.02103069,22.61033,0.0480217019672396,0.0
10326,90.02267,60.310963,0.06575908,102.2703,0.1564949874359797,5.0
10327,5.934239,26.811274,0.035140462,20.581419,0.0817268235826641,1.0
10328,306.27356,96.84532,0.10757576,271.8222,0.2243902905438849,29.0
10329,66.93113,54.316597,0.06730745,119.83827,0.1348847531402434,16.0
10330,91.35769,51.60901,0.06956164,115.42241,0.1603698597497833,8.0
10331,729.20636,160.184,0.13326466,554.77795,0.2695776498118423,105.0
10332,110.97149,60.248547,0.050618537,149.99812,0.1408162358197151,10.0
10333,7.1149607,22.16591,0.0362833,26.798271,0.0988581170300438,0.0
10334,528.5626,149.38312,0.12514436,522.54376,0.2206504038373455,81.0
10335,365.64304,110.512245,0.11668484,346.81754,0.2395363592413198,62.0
10336,507.809,129.65851,0.1320037,392.2251,0.2717171285722631,81.0
10337,201.82318,104.140114,0.1123594,226.5085,0.2034983141394679,41.0
10338,102.5286,64.35494,0.08580566,142.28613,0.1718710201873248,16.0
10339,89.481155,56.889633,0.06075222,120.85482,0.1507618516024011,9.0
10340,757.4048,149.84593,0.18418382,508.32162,0.3191864225232243,114.0
10341,4.697479,30.58253,0.036473624,23.531845,0.0691570605310056,2.0
10342,219.03232,91.17354,0.088880524,199.29463,0.1876526755633985,10.0
10343,11.99346,29.11436,0.043938123,35.090973,0.0894698766677432,2.0
10344,74.69542,49.555527,0.062310632,102.8567,0.1583533111491588,11.0
10345,82.06379,57.9215,0.069945715,121.593056,0.1457645323432671,12.0
10346,138.95724,85.79987,0.10706156,167.79828,0.1973492463497584,30.0
10347,988.9067,182.88248,0.1699958,676.27466,0.3009135355299714,156.0
10348,27.982685,44.814835,0.054873742,63.673225,0.1323317761930416,13.0
10349,830.50995,170.7478,0.1691316,656.6842,0.2826199003052419,161.0
10350,388.80557,127.9999,0.11911829,331.7639,0.2343742531848869,46.0
10351,275.30356,94.845955,0.10876161,251.90913,0.2249396826457908,32.0
10352,457.74048,118.53651,0.101389855,344.0455,0.2327439984692329,49.0
10353,46.0379,39.109383,0.07488576,71.49338,0.1322822331573187,6.0
10354,342.76105,100.65479,0.124810204,268.2149,0.2328273348131995,30.0
10355,716.59863,168.24132,0.15177098,575.8249,0.264205355625531,114.0
10356,158.83696,69.06024,0.08378598,193.46992,0.1842400598936899,20.0
10357,655.6095,142.63998,0.14870368,411.67163,0.2774657340892044,50.0
10358,617.9921,127.85856,0.099755555,424.4251,0.2489386501277226,39.0
10359,25.44737,30.750006,0.059801873,47.136353,0.135240071640412,1.0
10360,300.1041,94.38011,0.11213735,241.55948,0.26411927116579,38.0
10361,39.867104,28.112799,0.061360933,56.98994,0.1195817233195725,3.0
10362,43.300335,33.46209,0.059637602,65.685974,0.1503473596993445,4.0
10363,292.97473,89.815254,0.11717557,271.5428,0.2111644089906434,30.0
10364,10.700947,33.951435,0.039794248,33.60362,0.0969131576628278,4.0
10365,10.927562,32.215004,0.03772595,34.6714,0.0910871056302665,2.0
10366,88.132286,54.22727,0.079492696,102.96881,0.1885213567135683,9.0
10367,12.041543,17.787655,0.020957738,46.957386,0.0716874981702784,0.0
10368,56.88245,43.744926,0.04743472,84.55935,0.102398312298928,3.0
10369,56.323616,64.51775,0.066777036,89.1002,0.1340160385621529,9.0
10370,153.7244,50.921875,0.09199776,128.62148,0.2237613658308239,13.0
10371,91.306076,95.34328,0.06757471,143.82458,0.1525036012275563,18.0
10372,963.67224,186.66705,0.17333527,631.4514,0.31263057779833,157.0
10373,148.17723,79.269356,0.09845446,138.48502,0.1852124562135049,12.0
10374,66.07825,51.855263,0.045098364,110.2839,0.1093246609263205,2.0
10375,36.42717,34.266975,0.04805833,54.477077,0.1377625508410022,4.0
10376,405.3251,106.557335,0.11818063,315.89722,0.2406735038376718,44.0
10377,123.96313,46.291656,0.07292507,126.718956,0.1856442197750931,9.0
10378,244.78064,76.55241,0.09992418,260.16687,0.2219575313085964,35.0
10379,355.27866,121.95461,0.12797093,326.23575,0.2415686983746901,59.0
10380,100.56261,75.96651,0.08395067,136.45178,0.168258754843017,16.0
10381,543.11566,122.738335,0.12674512,378.73447,0.269015958810757,58.0
10382,51.54709,54.566196,0.04951752,92.56784,0.1126560967075321,3.0
10383,81.82445,58.280727,0.08805714,110.05929,0.1656189438698433,19.0
10384,511.11716,134.93898,0.14357807,415.82742,0.2601961753134105,79.0
10385,260.84125,96.67656,0.111682795,273.0831,0.2226097369790555,44.0
10386,2.9012969,25.796757,0.018481152,21.934698,0.055160369151431,1.0
10387,151.54353,72.08949,0.06217834,194.85332,0.1579557510072493,15.0
10388,397.11523,137.39502,0.1343556,411.81766,0.2330138813407958,113.0
10389,125.1462,77.60111,0.105258174,156.27211,0.1672961887006897,16.0
10390,67.18584,76.66183,0.06637693,110.72418,0.1352751655632811,11.0
10391,347.18988,94.05013,0.10624911,288.68875,0.2482350481878305,38.0
10392,92.7134,64.05631,0.07828238,124.553635,0.1632855111899994,12.0
10393,8.873755,19.871502,0.025833365,30.586346,0.0667369710393845,0.0
10394,266.2515,82.2828,0.09550564,232.52701,0.2147633130652483,21.0
10395,593.50793,124.79744,0.11843932,396.9779,0.2616808567650591,46.0
10396,86.2464,49.951607,0.06685496,118.388664,0.1846507280060858,14.0
10397,426.99707,104.66226,0.102126546,323.24005,0.2336746822102013,33.0
10398,243.2014,81.64813,0.07924076,190.66113,0.1943713880065276,10.0
10399,156.10703,75.65828,0.092979066,184.55576,0.1667383515731551,16.0
10400,15.531129,30.061996,0.06641951,42.74516,0.0980255811500187,3.0
10401,424.39697,111.474915,0.111714095,363.62762,0.2628660403893015,66.0
10402,141.99802,54.5145,0.060900003,148.42586,0.1754946583299062,7.0
10403,15.519732,15.333409,0.025403874,38.207985,0.0727226130832492,0.0
10404,114.742035,86.25044,0.088032134,172.71996,0.1784796364387202,33.0
10405,389.46982,137.14192,0.16167857,376.32172,0.2502150933596008,105.0
10406,752.8659,130.82791,0.13050367,494.7,0.280254636288799,64.0
10407,104.981674,56.81771,0.07719011,127.579445,0.1732306023903727,10.0
10408,45.278553,46.750717,0.0580536,75.98233,0.1486177883611663,11.0
10409,109.253654,70.107834,0.074277975,135.49554,0.1983967015631598,16.0
10410,921.18475,145.73628,0.18610509,493.63388,0.3349091628049307,68.0
10411,61.34269,40.91096,0.055033203,86.402435,0.1481775685375214,6.0
10412,879.0836,140.27406,0.14530064,642.2546,0.296314363982456,139.0
10413,157.85756,77.99817,0.12044042,174.39362,0.2082712831318982,24.0
10414,411.0785,102.53229,0.10153726,258.06406,0.2558292635358217,19.0
10415,57.128643,54.138153,0.044884738,85.41483,0.134008612208203,5.0
10416,88.735886,78.686714,0.06793813,139.19237,0.1590472017712991,24.0
10417,517.6215,142.7977,0.10914001,413.43042,0.226817774859811,46.0
10418,20.461464,22.043245,0.049025655,52.072002,0.075401507961978,1.0
10419,297.43658,97.02861,0.08373694,261.0856,0.1943694680554902,22.0
10420,395.58264,154.1914,0.14352474,390.02237,0.2409623599429913,98.0
10421,23.065475,47.15466,0.03647835,60.8509,0.1036289130507789,3.0
10422,18.684536,32.097633,0.02977408,56.593475,0.117932238785366,1.0
10423,35.425163,44.849884,0.04060608,65.16434,0.0724104201556931,0.0
10424,66.52531,66.376976,0.06766432,101.14203,0.1174181527596035,9.0
10425,29.411491,52.790745,0.0476909,74.70224,0.1052389869641408,4.0
10426,1.738836,7.8616066,0.018944962,15.616618,0.0338366257123381,0.0
10427,456.84073,95.971664,0.100028835,257.0609,0.2502057037380001,18.0
10428,39.407696,43.54263,0.05054952,75.62307,0.1354025937071123,8.0
10429,115.780914,80.65229,0.08655633,154.23804,0.1594766775234576,20.0
10430,6.6366515,34.845337,0.026266742,30.0336,0.0719210482215832,1.0
10431,326.2113,80.260376,0.096713096,242.86893,0.2289368320273651,20.0
10432,17.197302,35.28608,0.077415735,42.239292,0.1193559443551107,10.0
10433,124.59622,60.110825,0.113603964,129.04588,0.2142397331472996,10.0
10434,666.81146,136.05865,0.14306659,438.10495,0.2883348396360536,60.0
10435,245.34236,89.301834,0.08195885,235.77751,0.1945777610392006,20.0
10436,81.380554,57.634033,0.06617331,112.731094,0.1426273549665318,7.0
10437,280.0151,64.070145,0.09905457,219.01329,0.228302063156553,19.0
10438,187.15373,79.25369,0.11843007,213.78046,0.2119359488465134,46.0
10439,266.98785,89.45722,0.1302693,237.62415,0.2341721465668686,41.0
10440,680.06665,154.68802,0.12698475,459.89194,0.2722095603239486,67.0
10441,403.84552,113.02998,0.12957324,298.3265,0.2753319788035446,32.0
10442,836.2457,181.81703,0.15112421,607.97906,0.2742217435989901,104.0
10443,226.85025,86.25328,0.08544314,198.61009,0.2228996508002976,15.0
10444,10.389711,35.634468,0.05876552,37.337597,0.0842372777096555,5.0
10445,480.846,137.13834,0.12399258,353.7793,0.2439395923482543,50.0
10446,200.52791,74.7288,0.10668845,209.38034,0.1956715135018884,26.0
10447,4.0196548,19.327682,0.03477982,19.016388,0.067076208882439,1.0
10448,273.83362,119.224396,0.12865883,301.44626,0.2234133430281624,92.0
10449,119.11164,49.931908,0.06945996,147.61514,0.1936393995982724,18.0
10450,595.49164,130.45468,0.1485226,434.54874,0.2712107458128708,72.0
10451,46.432426,31.180017,0.034358963,69.7976,0.099729877011423,1.0
10452,23.443974,33.571323,0.04389549,61.690605,0.1116884381033953,4.0
10453,11.062133,37.642365,0.042297248,37.227516,0.0918711478649602,3.0
10454,116.09199,73.65975,0.06907674,153.59996,0.1300662242432547,10.0
10455,95.74684,53.42614,0.061130986,127.91697,0.1554373288246594,8.0
10456,180.96683,71.01444,0.078254044,186.85394,0.1862938994610651,16.0
10457,21.985315,28.916548,0.035770282,56.79767,0.1089353491488923,3.0
10458,253.53247,102.03689,0.09681082,277.52844,0.2254037514561223,46.0
10459,197.11844,84.90652,0.07311158,203.58418,0.1915260244802342,25.0
10460,77.09043,64.22871,0.08021321,116.80789,0.1504540393007189,16.0
10461,215.27748,103.51081,0.11690444,248.25963,0.2087400993146802,52.0
10462,14.040321,34.683464,0.037470132,43.455135,0.0673905786293952,1.0
10463,155.74675,61.665882,0.10840382,141.87103,0.2383286051171331,15.0
10464,331.1246,97.37312,0.11677863,329.65714,0.2276578430424599,60.0
10465,339.26453,116.17294,0.10616406,307.41693,0.2417854917002636,46.0
10466,948.4968,181.42506,0.17383505,677.522,0.3022856026985665,153.0
10467,162.1198,64.29474,0.07130776,166.65428,0.1579964597669384,7.0
10468,2.4863794,13.811578,0.019232934,20.161629,0.0402123882859948,0.0
10469,63.406223,48.986065,0.056189287,101.51565,0.1319232397788905,7.0
10470,900.57007,194.11322,0.17047358,706.1273,0.3035754266432405,183.0
10471,118.43669,51.71721,0.10488632,129.78343,0.1751668462657335,10.0
10472,94.36504,59.194897,0.04972235,120.28349,0.1135741643076716,1.0
10473,139.78232,64.39308,0.06865583,172.76094,0.1658145675002159,13.0
10474,230.69862,101.70297,0.10025547,242.0006,0.2079544374138819,36.0
10475,323.74286,133.56706,0.11638305,306.39648,0.225891641164537,52.0
10476,170.15958,79.38646,0.10756354,190.55666,0.2180345656800095,35.0
10477,137.078,72.97127,0.08793898,156.99307,0.1440526572897042,9.0
10478,154.41646,65.14865,0.092795886,164.36086,0.2101323825990567,20.0
10479,80.768326,41.17168,0.07740002,78.86195,0.1748411409212281,4.0
10480,16.549002,31.051191,0.043873295,43.353542,0.1092170759707788,4.0
10481,7.5711884,29.447174,0.03657479,35.040257,0.0799469464548018,2.0
10482,20.203615,18.81475,0.033430215,50.61837,0.0601958704394706,0.0
10483,35.015827,46.072483,0.053837642,67.65697,0.1110814041039215,4.0
10484,6.611164,21.748707,0.03279649,27.464483,0.0942044923700697,2.0
10485,87.134895,61.179035,0.088252,135.70995,0.1670078783398537,19.0
10486,202.78601,95.946686,0.11548239,197.4399,0.2229373215483943,36.0
10487,6.0348024,26.16269,0.028882174,28.334612,0.0681046519482625,1.0
10488,9.780891,24.873896,0.047358178,28.490925,0.0821521777433058,3.0
10489,379.43182,98.133705,0.09502945,352.56067,0.2306024509121345,53.0
10490,287.7511,79.43181,0.08142311,213.76917,0.1849230042341945,14.0
10491,15.0286,27.77296,0.048567485,30.465843,0.0934542887523563,1.0
10492,826.2439,136.07593,0.14216654,513.12213,0.2850198000824785,70.0
10493,24.68579,29.804523,0.037450895,55.570343,0.0834546363638032,0.0
10494,86.08258,51.620907,0.076763295,114.90466,0.169316866547718,12.0
10495,921.4742,166.05533,0.15008746,623.80316,0.3060762383563841,117.0
10496,54.703724,52.019123,0.06445758,84.70108,0.1262575349108516,4.0
10497,10.108178,39.25818,0.040320043,37.3608,0.0921581222810867,8.0
10498,74.968605,61.81581,0.088886574,119.73733,0.1621160398560854,20.0
10499,8.212461,18.045052,0.032376613,24.574924,0.0938283318487933,1.0
10500,79.88262,46.8002,0.06685863,107.08245,0.1783085922777699,10.0
10501,631.4224,145.77934,0.11358711,400.94263,0.2548846308957417,48.0
10502,403.02347,112.68632,0.15168978,327.25714,0.3016435324596465,89.0
10503,901.76465,168.02936,0.15188523,513.25214,0.283940562833107,71.0
10504,379.26373,135.93347,0.11530887,350.13016,0.2187177711725698,67.0
10505,7.448137,28.3331,0.033603717,28.079357,0.0999507823045988,2.0
10506,7.1188207,23.076626,0.017989075,36.741795,0.0557972534274127,0.0
10507,419.24026,132.86325,0.13264398,350.896,0.2383625011969139,56.0
10508,543.35297,140.64859,0.10174774,388.10104,0.2172219876984243,37.0
10509,316.13068,91.89797,0.11556111,239.29907,0.2343013163489156,18.0
10510,351.74475,88.63574,0.09407093,257.5094,0.235615883557193,31.0
10511,27.636522,43.6454,0.04193576,63.65308,0.0943236495142044,2.0
10512,133.46541,77.16466,0.078381814,170.0263,0.1988641730709328,21.0
10513,156.54071,87.80844,0.07834305,178.2841,0.1668592153042012,20.0
10514,550.6146,140.7966,0.13066901,407.91013,0.2636648994896906,59.0
10515,94.264534,58.919662,0.079534926,128.94263,0.1757918518504043,19.0
10516,47.795605,54.219635,0.057444066,74.30179,0.1281696559825678,3.0
10517,844.7578,160.47758,0.18118268,538.5837,0.3137984098909922,98.0
10518,41.305634,36.058224,0.05557075,80.91177,0.113398911996297,2.0
10519,176.07463,74.54018,0.086247414,186.98723,0.1783746505660704,16.0
10520,133.62793,79.95933,0.084176764,152.10284,0.1714933313089353,14.0
10521,754.19354,144.05203,0.124746695,472.03674,0.2762219407419133,59.0
10522,104.843056,52.05316,0.10392752,107.247734,0.2125691400450925,12.0
10523,82.58543,45.85174,0.067480214,100.32986,0.174584926472055,7.0
10524,614.68915,147.1487,0.10994687,421.5431,0.2854849193900359,61.0
10525,73.997734,47.824272,0.071835384,92.64867,0.1654715035987369,8.0
10526,358.99817,68.65302,0.106847584,202.6218,0.2999115171768563,20.0
10527,452.17938,109.661064,0.117890395,338.14313,0.2396773990642529,42.0
10528,214.96227,112.15806,0.08514268,231.84921,0.1599978426422048,26.0
10529,10.325865,34.61801,0.03521976,36.311954,0.1033933853933396,4.0
10530,4.73064,24.574224,0.04302429,20.70915,0.0667955590452505,1.0
10531,79.66578,41.770462,0.07168296,104.28175,0.1513051400703778,3.0
10532,852.32465,150.94669,0.13454105,532.81177,0.3081694705992039,95.0
10533,30.07582,49.7,0.04004122,65.58157,0.0994040411694787,4.0
10534,941.5384,196.98563,0.15087359,704.1051,0.2815215599086004,165.0
10535,671.36475,109.456505,0.096076615,388.35422,0.2822844776078574,35.0
10536,628.08167,153.52945,0.12837684,485.7079,0.2656430972522183,90.0
10537,700.82544,147.54016,0.13330674,515.58466,0.2623259590186893,77.0
10538,541.83093,96.7809,0.10685681,339.8456,0.2555999060069679,28.0
10539,766.66187,150.00105,0.15986048,580.0301,0.2865491264022661,112.0
10540,4.831744,29.634567,0.02390705,23.677996,0.07312424035718,2.0
10541,159.5861,87.94796,0.09375046,204.28496,0.2000479536189189,38.0
10542,7.800091,33.87922,0.07011056,24.795624,0.0760059262324242,4.0
10543,119.81357,62.874474,0.09213562,112.94067,0.2042840753322637,13.0
10544,103.41536,60.753674,0.09060326,118.965385,0.1632909520717233,8.0
10545,58.27277,70.383,0.06089543,93.63809,0.1388658495355763,8.0
10546,395.48538,86.63048,0.104723446,321.17245,0.2778138047085352,40.0
10547,158.79456,53.50106,0.073875934,160.84566,0.1918370523473865,10.0
10548,361.24582,91.75,0.08907435,343.99832,0.2379951885303127,50.0
10549,75.747734,54.90937,0.09356813,101.60576,0.1562411032694857,9.0
10550,194.97272,63.89673,0.08789391,177.07167,0.2163243836384714,21.0
10551,1.0666835,2.8083415,0.010986143,13.071639,0.0352909534118769,0.0
10552,49.461212,50.48747,0.050222326,86.83517,0.1208899787339471,3.0
10553,733.38715,124.56134,0.17455275,452.5858,0.3150406538832928,88.0
10554,23.421688,44.04622,0.043139294,53.05926,0.0772948397475797,1.0
10555,299.7695,101.804535,0.117436655,219.2778,0.208360981196005,20.0
10556,9.128657,21.588795,0.032478586,33.288074,0.0656819223018671,0.0
10557,810.0871,132.56041,0.1335979,508.8514,0.2841825986617795,62.0
10558,776.771,136.19093,0.12691465,465.3272,0.3260005109132494,64.0
10559,622.75116,124.57523,0.14722936,462.37277,0.2795173521716353,78.0
10560,7.7052107,24.429348,0.04649787,26.602196,0.0885559515505588,1.0
10561,18.846539,41.080143,0.05721035,47.673656,0.1157595093266502,9.0
10562,208.64883,88.96941,0.11873962,206.68774,0.2143195209375174,33.0
10563,679.699,168.54465,0.14195585,569.79364,0.257498615459803,133.0
10564,31.507421,44.15926,0.060421668,73.63322,0.1358753312422069,11.0
10565,222.66931,85.301315,0.08434512,212.26068,0.1802729308292656,13.0
10566,472.82388,126.207344,0.14763829,381.52032,0.2399493317319985,66.0
10567,93.85398,57.16534,0.07957991,126.49661,0.1878187414659197,16.0
10568,3.2403104,12.156246,0.019531433,19.471231,0.0385131417071752,0.0
10569,446.00528,153.471,0.13878825,444.26215,0.2345812632570219,97.0
10570,15.124742,19.607044,0.028376365,40.444046,0.0617823455578273,0.0
10571,52.60064,34.84781,0.06599683,70.19786,0.1756348598551522,10.0
10572,187.42647,67.48055,0.08698183,173.65257,0.188648153803619,13.0
10573,85.43313,65.62569,0.09214032,138.58975,0.1603482502334408,18.0
10574,155.05507,95.8872,0.083451115,196.06396,0.1739785992194659,25.0
10575,61.961124,66.777756,0.07000262,105.15973,0.1162970036741008,8.0
10576,69.29326,47.47701,0.063262716,105.901245,0.1177999346666408,6.0
10577,1.4150888,9.039209,0.013489994,19.618994,0.0413216800217488,0.0
10578,101.19336,46.416092,0.074858144,120.67232,0.1800022117627309,9.0
10579,467.06213,139.49635,0.13424356,398.1907,0.2403400130181118,56.0
10580,74.52667,43.73438,0.062164612,106.490364,0.1232061679682065,5.0
10581,329.54608,105.9648,0.06883644,307.72415,0.1871423563818625,25.0
10582,67.61494,48.421223,0.06532389,97.73863,0.1426354294064577,5.0
10583,95.04601,72.18443,0.070753224,136.18326,0.1755744847473098,20.0
10584,717.81,131.11296,0.134674,423.965,0.3159256645164915,59.0
10585,80.09026,41.71261,0.08099581,90.35589,0.1806104774449991,5.0
10586,705.70844,152.6149,0.12202758,410.5053,0.2637572370405455,44.0
10587,43.959015,43.095764,0.033930425,88.00512,0.0940347870358458,1.0
10588,33.26589,24.771744,0.037376497,54.887543,0.0988635334953434,1.0
10589,260.10236,98.62025,0.08777195,206.6883,0.1903087053409418,12.0
10590,55.543903,53.387123,0.059317943,92.94602,0.0939753744371343,2.0
10591,74.38343,48.268925,0.06587929,102.0228,0.1460418669108741,6.0
10592,27.548916,52.907516,0.13626322,58.72369,0.1105668300356536,19.0
10593,921.3802,167.6717,0.1969905,643.4663,0.3109599205026378,131.0
10594,11.413422,26.915386,0.056880254,30.37409,0.0894220661101615,2.0
10595,42.838116,45.677505,0.053708598,79.53349,0.1056860800248913,2.0
10596,256.68338,114.21889,0.1121989,284.8318,0.2076711697907049,43.0
10597,32.465424,55.349873,0.05688362,75.74026,0.1083112902469134,6.0
10598,48.80229,32.923996,0.047006346,74.54669,0.1022970796026072,3.0
10599,67.27646,43.907692,0.07116671,94.104294,0.1287392735683362,4.0
10600,380.99774,130.51382,0.062492833,309.5123,0.1592125187070773,14.0
10601,9.465029,30.966148,0.056679733,31.34271,0.0841399445062061,3.0
10602,87.23129,66.6671,0.06806365,122.36268,0.1782687791852556,16.0
10603,505.4371,107.9884,0.12989964,351.67572,0.285496864338555,47.0
10604,378.05487,133.01225,0.10075369,320.74155,0.2117998409460007,37.0
10605,881.57446,178.70535,0.16101678,618.80286,0.2897544849360794,125.0
10606,8.486222,23.877377,0.03900697,30.032173,0.1054160994881873,3.0
10607,115.36973,63.167717,0.08178317,135.76996,0.1552701301024037,8.0
10608,153.06061,79.75193,0.065776855,154.17729,0.1765266245161091,10.0
10609,188.07295,101.246155,0.08730158,205.1284,0.1991410312213506,27.0
10610,219.64247,97.18763,0.0780131,219.96489,0.2001080476674323,21.0
10611,141.78076,45.407066,0.0763485,125.65147,0.2108499432857909,9.0
10612,236.79124,95.338524,0.08967256,228.99928,0.1970986189650535,26.0
10613,83.6422,67.37407,0.070284575,130.89304,0.1551632021257245,15.0
10614,12.8376,26.97305,0.03198788,45.4117,0.1079001932678841,6.0
10615,85.09488,53.420258,0.072931655,117.0546,0.1510244719746734,6.0
10616,68.55919,59.25026,0.06514234,112.639046,0.1420694927954301,10.0
10617,224.80914,68.67584,0.08512066,208.69733,0.2399706526590139,24.0
10618,453.45972,108.05878,0.12560593,326.3639,0.2720509032084615,39.0
10619,99.33558,55.60262,0.08356166,123.74166,0.1803634010787127,11.0
10620,48.86305,47.6529,0.052326538,90.101265,0.1182021067268099,4.0
10621,686.8932,144.71288,0.11324828,470.9585,0.2523133069954117,50.0
10622,634.86194,148.04927,0.16114424,478.9857,0.2812586497222196,92.0
10623,88.80693,56.084106,0.052116115,123.28569,0.1306703434589342,3.0
10624,159.34763,50.880524,0.06381185,130.76889,0.1907456336416568,6.0
10625,59.849537,22.038685,0.047051515,71.501564,0.1149544965101874,2.0
10626,747.7204,174.19003,0.16750604,515.1068,0.2939492860629106,119.0
10627,24.228447,19.483395,0.03200389,49.911594,0.0854161274376619,0.0
10628,180.7187,83.40102,0.11139027,211.34854,0.2155620466063327,43.0
10629,11.00201,24.482613,0.040363215,35.87061,0.0978290485426718,1.0
10630,595.8508,131.45052,0.13484608,429.69757,0.2749651548319994,73.0
10631,13.2123165,17.063461,0.02710925,43.291878,0.0906377115743001,1.0
10632,880.8821,174.25632,0.13004144,614.6353,0.2896054312431356,107.0
10633,167.49028,71.32997,0.08220397,194.68175,0.1967447285943112,26.0
10634,321.3917,123.64872,0.11702804,333.64584,0.2148287867637739,65.0
10635,60.774803,60.10028,0.07002452,110.07838,0.150631021924817,14.0
10636,612.73596,120.1385,0.10386002,397.9091,0.2562075756384563,49.0
10637,69.08177,52.518757,0.063790634,111.74905,0.1389782785604694,7.0
10638,55.37522,41.014477,0.06211809,91.856804,0.1481350594888674,7.0
10639,870.16156,139.34447,0.15659584,508.2829,0.3155041613462674,71.0
10640,73.242775,62.343735,0.057776615,103.97328,0.1508130004045255,8.0
10641,35.83012,20.501198,0.04136025,59.50084,0.1170514980261142,1.0
10642,366.0245,89.358536,0.10394657,251.14644,0.2245625338691841,20.0
10643,53.063793,59.04278,0.03960375,97.95017,0.0892531532174531,4.0
10644,361.4138,89.289246,0.09479816,309.70905,0.2632753200196263,45.0
10645,367.1955,105.536606,0.10064612,315.62497,0.2120783108915784,37.0
10646,160.56097,77.93027,0.10335514,171.58153,0.2172303616382541,28.0
10647,324.08533,111.33435,0.11420957,308.7515,0.2143386042671323,40.0
10648,50.973495,36.2036,0.059252143,69.64138,0.132225409935913,4.0
10649,52.84557,51.431427,0.04130638,97.47776,0.1209959036828361,6.0
10650,23.373146,39.949413,0.04038239,63.1106,0.0771938344949476,1.0
10651,5.8255005,25.487822,0.02270742,29.740957,0.0490671288438471,0.0
10652,122.10172,66.995285,0.08836845,135.60541,0.194090277767807,15.0
10653,61.123222,37.953793,0.051484417,86.90511,0.1615841318409946,4.0
10654,625.84515,136.53513,0.14832224,460.3646,0.2878699143960488,84.0
10655,103.291214,51.676426,0.10050436,126.85537,0.1562839585805841,6.0
10656,578.5385,134.20732,0.15332054,465.09793,0.3197709184410192,120.0
10657,10.820563,26.395416,0.027625326,38.73223,0.0759356657203176,0.0
10658,262.67996,75.55992,0.09270726,215.94893,0.2265742648903426,12.0
10659,161.28123,66.551445,0.07576588,161.24359,0.1692158428747835,14.0
10660,281.31442,96.240814,0.111285925,233.44067,0.2552630770844347,29.0
10661,0.798236,15.062803,0.008644338,15.0359125,0.0489953520075158,0.0
10662,125.391106,73.119316,0.086928286,174.53065,0.1766420240786523,19.0
10663,798.2162,143.49797,0.1397754,538.2813,0.2741172231228856,69.0
10664,215.24013,102.9643,0.099988,212.27332,0.2229947958679886,31.0
10665,110.89981,61.763348,0.08574512,154.13387,0.164101609850897,14.0
10666,175.06856,90.05415,0.08259722,215.22968,0.1812404330934768,27.0
10667,94.00435,60.610126,0.056608573,121.07382,0.1568233241070476,5.0
10668,107.566536,68.65392,0.06001759,133.41472,0.1739297214075098,12.0
10669,317.01758,79.220795,0.08910609,254.85168,0.2189211565808198,25.0
10670,9.42598,16.523989,0.031195452,26.84954,0.1006606797088797,1.0
10671,213.75414,101.74158,0.095947325,264.8479,0.2006059320380299,50.0
10672,165.98184,100.063545,0.087606974,173.70372,0.175080360919803,19.0
10673,108.46045,81.34441,0.08747205,161.07336,0.1696962940561814,30.0
10674,182.96951,97.53022,0.11059063,240.26819,0.1977419828804131,51.0
10675,763.0891,175.93427,0.13481513,562.0391,0.2727051994488543,120.0
10676,744.37787,148.54791,0.104430266,371.62064,0.2592287400327374,28.0
10677,94.70206,77.14191,0.08327767,148.308,0.2070704760322523,40.0
10678,254.74144,72.950615,0.10291318,233.64626,0.2262835106583057,26.0
10679,11.967624,28.2581,0.030806575,41.417,0.0825985209576628,1.0
10680,950.89667,186.13689,0.19917367,615.0186,0.3120496049279804,134.0
10681,9.707671,23.338121,0.032473177,36.416317,0.0812077881473007,1.0
10682,82.13608,50.967663,0.07204619,112.60749,0.161889840434349,8.0
10683,200.7238,96.8875,0.12269245,211.32878,0.2166533701442737,39.0
10684,22.298086,32.448303,0.04977799,51.47109,0.1265412060925893,4.0
10685,99.37792,60.00192,0.08317267,124.72122,0.1789011212102432,13.0
10686,481.74405,169.36578,0.1180345,422.7377,0.2196540051649537,66.0
10687,344.92023,119.394806,0.10774449,275.2846,0.2230890552080126,33.0
10688,321.675,90.1613,0.1136948,244.76654,0.2362239066879232,27.0
10689,38.610996,51.979294,0.076293714,74.46515,0.1342477023483248,16.0
10690,468.57983,129.0381,0.11649371,345.0012,0.2508019633995403,40.0
10691,56.223087,46.70252,0.06815121,87.23862,0.1335967703794441,3.0
10692,10.678303,27.635433,0.045148317,32.965473,0.0865275505743626,2.0
10693,353.59442,97.03669,0.09838939,284.7249,0.2014725260564652,28.0
10694,88.2759,72.91404,0.08025021,153.88272,0.1498148762097897,22.0
10695,40.679066,49.761448,0.089679696,79.67548,0.1275596885004594,13.0
10696,321.35748,88.8318,0.12193533,274.6282,0.2403370156055088,47.0
10697,30.61958,45.14706,0.042212762,68.23509,0.1224906452609888,5.0
10698,813.1657,147.0947,0.16124766,565.0003,0.3406085391835148,132.0
10699,166.35779,79.590164,0.05376504,177.58696,0.1772309269823013,15.0
10700,380.94745,110.77832,0.10402201,332.13248,0.2591413491603616,49.0
10701,623.65704,128.34198,0.15319084,490.76367,0.2824195159922679,85.0
10702,145.07317,89.62991,0.08505187,164.003,0.1637450977410723,15.0
10703,0.42604214,12.076015,0.0065686437,12.046267,0.0312648746697701,0.0
10704,610.03705,138.2785,0.1531446,463.55972,0.2802220381476086,99.0
10705,531.4525,151.9758,0.13403353,423.89877,0.2496477946436333,81.0
10706,0.8331686,9.948472,0.0117863575,11.510741,0.0382298774077404,0.0
10707,391.9045,104.44775,0.11726113,306.21817,0.2386079744182694,35.0
10708,34.126236,44.480103,0.048022956,67.84975,0.1041469385744525,3.0
10709,37.865955,29.150358,0.06755693,56.152565,0.1377665040181047,3.0
10710,87.52923,59.2069,0.06823991,105.69293,0.1670934180574934,7.0
10711,381.31836,109.274605,0.11902456,343.12354,0.2431449191232126,59.0
10712,148.37883,66.81871,0.065866716,136.58572,0.1450625946991676,3.0
10713,12.691995,18.18832,0.02935431,36.002235,0.0785160737215274,0.0
10714,5.656392,16.80067,0.02265057,24.388088,0.0499318872413282,0.0
10715,125.36011,63.8584,0.06666528,172.37234,0.1670655890413696,20.0
10716,7.6439614,33.519234,0.04504827,28.544205,0.0841993132593444,4.0
10717,289.68658,109.81861,0.13020575,281.38586,0.2316689582456561,63.0
10718,524.9447,136.39426,0.13340762,449.05264,0.2384312623355949,79.0
10719,990.2997,159.3929,0.16249204,603.95447,0.3322735814375451,124.0
10720,5.7226005,16.7748,0.018618278,32.69802,0.0608051393808985,0.0
10721,353.87122,91.73452,0.09585687,291.46506,0.2508701851869145,36.0
10722,60.146385,44.776344,0.067151025,84.82345,0.1510247351965103,7.0
10723,11.856657,29.085749,0.03825504,38.928425,0.0878047147563736,1.0
10724,433.84882,132.4539,0.10792415,374.4936,0.2192786087355042,52.0
10725,159.64595,62.905,0.07737838,139.45099,0.1766847299626968,5.0
10726,278.14624,109.111534,0.110592276,260.6959,0.2259310750309467,35.0
10727,338.53787,109.63472,0.10515622,327.74622,0.231169298733988,47.0
10728,71.07808,55.133114,0.06613135,101.19177,0.1462662111098456,6.0
10729,101.66404,57.842934,0.083284594,150.49078,0.1734914252146323,20.0
10730,56.084587,45.700016,0.059337832,74.781364,0.1204183275130617,2.0
10731,147.50998,71.42418,0.08139368,154.86511,0.1886732316397072,16.0
10732,219.61742,78.66972,0.086863205,227.15413,0.2031652949609024,27.0
10733,478.3451,118.70505,0.12488432,369.95016,0.2584902007949162,62.0
10734,428.51108,131.69061,0.12881434,359.3203,0.248669130098975,55.0
10735,423.9469,111.69274,0.08662946,336.32806,0.2379652983986304,33.0
10736,886.45154,179.25862,0.18091138,593.9755,0.2982201942997869,131.0
10737,58.475758,50.98103,0.04884609,88.12565,0.1192836347932831,2.0
10738,0.832883,9.613943,0.011791043,11.506638,0.0384894812873243,0.0
10739,175.47957,79.37172,0.092596285,188.31317,0.1807953123816022,22.0
10740,309.49954,120.16226,0.123075664,296.14954,0.2295070890746503,60.0
10741,11.193947,26.439413,0.039290715,29.476978,0.1001748393301499,2.0
10742,613.7184,153.86316,0.12644228,456.16245,0.2494158398635563,60.0
10743,419.5621,128.91324,0.10333874,357.7297,0.2567914491327794,54.0
10744,74.8551,43.53922,0.0668141,98.92476,0.1639150247470835,4.0
10745,33.9667,19.352562,0.036041025,57.75391,0.0850696367261821,0.0
10746,11.261377,30.48286,0.03202857,37.70025,0.0816783888004597,2.0
10747,13.6916275,25.168247,0.035387583,42.61795,0.0797385359069463,1.0
10748,724.4559,137.43373,0.14353062,444.75513,0.2799590511601638,53.0
10749,3.7021632,10.243339,0.021561716,19.889727,0.0381243678384088,0.0
10750,9.562925,33.92471,0.04723062,32.955936,0.1008564733936063,6.0
10751,77.58852,66.38973,0.06910084,112.83882,0.1564325900761026,17.0
10752,5.100405,18.137707,0.026365684,24.81833,0.0509314911495668,0.0
10753,21.364151,27.613861,0.033644237,58.5756,0.0858686927612874,1.0
10754,629.83044,115.41872,0.093007244,374.65253,0.2525507666787664,25.0
10755,3.6648545,18.200397,0.023307469,21.466496,0.0666594938220309,1.0
10756,184.82306,80.850365,0.062439032,178.37665,0.1843920439636776,13.0
10757,14.068904,33.648872,0.03904138,44.027134,0.0984484963097693,6.0
10758,32.98149,38.598724,0.045345772,71.08802,0.1049277584686183,3.0
10759,107.77136,46.301422,0.060185824,125.58043,0.1729043042636595,8.0
10760,49.295704,41.667694,0.06135462,70.08281,0.1449018278575033,4.0
10761,594.4916,123.02703,0.16913791,417.3159,0.3073759545121953,74.0
10762,10.614227,30.291689,0.032262187,40.820736,0.0850097439646591,3.0
10763,2.2439694,14.788512,0.018751783,18.431093,0.0358075703000523,0.0
10764,5.718109,22.896544,0.028618678,24.403025,0.0797276813808169,0.0
10765,9.483487,17.305058,0.028914683,33.934647,0.056836223179542,0.0
10766,102.315315,54.170883,0.077866726,123.76412,0.1736720671810519,8.0
10767,341.16748,89.21522,0.08983516,294.76584,0.2205723959639066,31.0
10768,257.649,91.2042,0.11429337,280.60468,0.2053359130322473,39.0
10769,844.1212,150.3675,0.12838674,547.7114,0.3051596404386558,83.0
10770,121.74496,67.56279,0.08261269,140.23079,0.1884333574252885,14.0
10771,232.60376,94.30451,0.09359523,224.10089,0.187912929410537,20.0
10772,82.04685,68.75632,0.07712558,117.175385,0.1671827187201837,13.0
10773,68.27254,72.12577,0.060663305,107.89521,0.15630914729954,11.0
10774,66.608154,50.021942,0.06435207,104.66253,0.1625750682601078,10.0
10775,91.29946,78.92464,0.062696904,124.18069,0.1122192406759683,11.0
10776,172.74332,63.700302,0.0813594,173.73755,0.1695530559036206,12.0
10777,16.428942,29.4713,0.0464852,46.363457,0.0884524670529494,1.0
10778,137.83145,86.30996,0.0722081,181.699,0.1406755465313858,12.0
10779,719.62476,182.446,0.12102342,457.63913,0.2574631969679458,62.0
10780,488.40045,134.57352,0.1342578,370.20224,0.2516000600097638,61.0
10781,312.89474,118.56894,0.111454755,309.03333,0.230731157846841,58.0
10782,16.984997,22.03106,0.036172185,47.35064,0.0876401012705472,0.0
10783,237.10391,70.6985,0.10450454,183.43886,0.2330872891633398,15.0
10784,219.54762,111.56792,0.13614844,240.84076,0.2312319844563159,73.0
10785,151.01213,81.80835,0.0826466,161.76978,0.1609337172599163,13.0
10786,765.81055,158.47812,0.16271509,521.7914,0.3115508931522872,114.0
10787,153.0378,77.216324,0.1062795,160.51822,0.1724447757443232,17.0
10788,822.15656,177.88214,0.20776482,637.6138,0.28950809402301,190.0
10789,378.58142,104.83292,0.120682366,306.20816,0.2287034468903898,36.0
10790,154.7488,97.55314,0.085193366,197.59401,0.162556348425005,17.0
10791,10.029249,27.94714,0.040081102,34.75112,0.0829480662425984,2.0
10792,80.087715,51.699593,0.071549535,109.49214,0.133480165751252,7.0
10793,30.575127,34.763683,0.053730477,62.834805,0.1237865828061696,4.0
10794,993.44336,181.24194,0.18695086,683.7542,0.2971127278780248,145.0
10795,82.31141,66.27293,0.06221057,137.81244,0.1503396048893655,16.0
10796,15.307292,15.420727,0.030100025,45.119465,0.0787909677428005,0.0
10797,321.64404,116.45802,0.13389766,312.92792,0.221875395568092,49.0
10798,787.4057,140.75378,0.15323614,543.8363,0.2953007947944476,92.0
10799,562.82825,147.13098,0.16388626,453.61087,0.2743315313230301,113.0
10800,225.15309,74.64473,0.08456974,203.24715,0.2005254359419613,13.0
10801,344.6631,123.73908,0.12561513,284.1728,0.2404532653351641,46.0
10802,167.48848,89.67325,0.11397857,184.7871,0.214993353262419,36.0
10803,100.11549,67.754395,0.086033575,119.40959,0.163747887611405,13.0
10804,147.23618,74.51272,0.09081064,180.89859,0.1735398462996588,16.0
10805,78.80337,67.89147,0.06259705,109.75107,0.1666032334888176,12.0
10806,118.95014,44.002098,0.085147075,116.96261,0.1969400464620263,7.0
10807,19.061134,34.83616,0.055649053,48.23901,0.0909277334706534,2.0
10808,320.47275,107.87688,0.11502565,298.06525,0.2114240998328506,35.0
10809,374.39746,146.2492,0.103023805,353.1489,0.1942713153486557,44.0
10810,23.710276,21.252861,0.03462959,43.651363,0.1020346367993514,1.0
10811,161.1689,64.89423,0.078745954,150.95488,0.1843303815556299,15.0
10812,64.91445,40.312515,0.058570318,87.84537,0.1420624845425512,6.0
10813,3.4304144,3.5982885,0.014117793,16.976439,0.0522566116051526,0.0
10814,2.4712763,4.390208,0.01729206,15.198707,0.0396121071674526,0.0
10815,947.26514,174.42079,0.15327916,637.5657,0.301386205169026,125.0
10816,349.3166,100.32058,0.10170916,304.67786,0.2327290548089889,42.0
10817,591.5655,130.84448,0.1739142,423.25323,0.293763278706497,79.0
10818,541.86664,114.66523,0.14447485,384.56644,0.29779823451746,59.0
10819,663.79266,130.86455,0.118919,412.82693,0.2794704463495267,41.0
10820,668.6369,120.74768,0.11274794,457.07324,0.276491729205467,53.0
10821,854.01886,170.91281,0.1476136,622.91895,0.2845454158332882,121.0
10822,142.32152,90.432686,0.09437559,178.66147,0.1769072685892561,26.0
10823,87.51552,62.104877,0.067335986,115.75752,0.1486721581796761,9.0
10824,3.385327,28.531347,0.022150647,21.62844,0.0688218546215397,1.0
10825,873.0095,158.42786,0.17581156,537.71454,0.3075552031312836,95.0
10826,118.528885,76.17489,0.091606975,154.99173,0.1817306341152665,24.0
10827,92.56629,56.90845,0.069459595,119.42921,0.1639531115502726,5.0
10828,11.747965,27.533426,0.042342253,39.00751,0.0925785675360362,1.0
10829,259.9702,108.51944,0.08179801,243.31761,0.2238626723416787,30.0
10830,114.45703,71.02483,0.08736775,122.85353,0.2007187178136397,19.0
10831,597.1549,138.99677,0.12275937,476.43448,0.2635540154804902,75.0
10832,730.1806,156.48386,0.1614741,531.4371,0.2965904662512892,101.0
10833,226.48239,86.08042,0.0774632,217.34192,0.2021717626494922,23.0
10834,140.57439,82.54712,0.09597217,189.21057,0.1975108764830981,37.0
10835,194.25104,82.58538,0.09491633,225.21483,0.1992013706608618,32.0
10836,338.7216,109.549225,0.10396788,301.26428,0.2124436243248591,39.0
10837,4.2004824,27.488941,0.023710083,26.46972,0.040511003752171,0.0
10838,296.85977,72.4012,0.086143814,267.89456,0.2103380843317312,24.0
10839,23.784286,33.431614,0.031517666,61.615623,0.0790369711647412,0.0
10840,3.9673183,13.770841,0.022755237,20.640217,0.0691594592064077,1.0
10841,359.40854,94.10526,0.11460629,311.96844,0.2216687196415219,35.0
10842,81.556015,42.034313,0.0658693,108.58156,0.1458232460310977,5.0
10843,42.525333,32.723625,0.04108982,91.04913,0.0925751156215326,2.0
10844,690.9929,159.71342,0.17503907,500.12497,0.2844782291600109,111.0
10845,789.3563,152.69612,0.15536505,502.40796,0.2922193269578753,77.0
10846,461.07043,127.66051,0.1237336,388.5551,0.2446510600063983,67.0
10847,156.02933,76.35864,0.096557096,162.98264,0.2058431541036265,16.0
10848,13.939343,33.021217,0.054267988,39.119465,0.0872870378414861,3.0
10849,119.60932,55.12873,0.07457561,134.04242,0.1698479695625076,10.0
10850,54.07285,31.678043,0.06572845,81.223404,0.1701648480534838,5.0
10851,6.3811145,19.946465,0.035458386,17.427134,0.1011755462435223,1.0
10852,90.8486,66.60965,0.063926585,108.0167,0.1594000696199123,10.0
10853,173.44234,94.16526,0.07523602,212.31396,0.1712915458664496,18.0
10854,74.72006,47.475452,0.05171966,99.51838,0.1206900091913335,4.0
10855,695.07245,152.61943,0.14641678,523.3292,0.2936300960018955,99.0
10856,21.263216,30.085316,0.035568073,51.17507,0.0637592809139186,1.0
10857,117.394806,67.042946,0.076634556,138.45683,0.169730909514931,14.0
10858,64.04213,62.588055,0.06381844,82.43026,0.1553716263689633,7.0
10859,3.4947774,15.907588,0.022153607,22.522793,0.0460925703886932,0.0
10860,19.75968,46.983223,0.03968559,53.850147,0.1167000113112211,8.0
10861,13.37496,38.78586,0.05749084,41.690655,0.0952690620065249,8.0
10862,550.5107,159.37071,0.15430033,485.89005,0.244526103008174,110.0
10863,576.06445,105.936005,0.07784781,349.0241,0.2229257953855597,25.0
10864,613.44116,118.989456,0.09185764,405.62112,0.2437483058789064,35.0
10865,18.767065,40.572124,0.057999752,46.039337,0.1013756405659784,2.0
10866,45.29868,34.484505,0.06447107,66.23129,0.1671374207597663,7.0
10867,537.08466,127.73878,0.14197646,381.78458,0.3034725497357147,68.0
10868,49.792873,41.874916,0.049388684,81.95668,0.1296442917770571,3.0
10869,129.05913,74.580414,0.0767126,157.97783,0.179721595611083,15.0
10870,60.347416,59.351128,0.051336154,94.79386,0.1110447489689019,6.0
10871,80.8269,70.8828,0.055857178,115.980095,0.1396755020551954,8.0
10872,402.17404,83.763374,0.09735699,245.16574,0.2434299576958979,19.0
10873,5.638605,14.124625,0.015218082,24.949203,0.0603140514381091,0.0
10874,272.27664,109.86039,0.09877442,251.68347,0.1855102135618656,31.0
10875,628.58856,168.80286,0.15851364,511.99374,0.2720198045966326,110.0
10876,105.81254,70.07527,0.09156352,141.4856,0.1733537780126113,16.0
10877,98.840866,66.948906,0.07790117,136.8181,0.1632245117661974,18.0
10878,519.93585,119.00271,0.1482026,380.146,0.2665831482738028,59.0
10879,575.2691,136.62157,0.11230601,478.2966,0.25482459204576,77.0
10880,137.43312,75.02518,0.0860067,164.89986,0.1854020169491198,26.0
10881,876.7432,157.97635,0.15955037,549.52203,0.3090557783493539,81.0
10882,166.45833,79.979576,0.10545477,198.49971,0.2066200781526007,39.0
10883,326.8699,103.112854,0.099912345,275.0284,0.2231004148347099,37.0
10884,9.081467,26.692038,0.046247527,25.646103,0.0982549797749009,3.0
10885,286.1024,90.098724,0.11118183,235.6567,0.2384910965519777,31.0
10886,144.98817,85.37383,0.085145816,183.1726,0.1830587027929899,26.0
10887,96.94763,76.781,0.07412997,140.80035,0.1638011237357211,17.0
10888,245.26675,99.841194,0.105536066,269.13864,0.2021897698203028,48.0
10889,396.95236,115.900375,0.14241697,348.74176,0.2394952215512834,58.0
10890,388.20114,108.63197,0.098358646,313.16867,0.265638176287668,60.0
10891,90.10001,64.647896,0.092311926,130.02615,0.1656123943097858,14.0
10892,319.55957,83.732994,0.081165045,280.74472,0.2042205397240641,21.0
10893,63.115055,63.366196,0.08506073,108.14725,0.1506332059304461,13.0
10894,311.78674,78.15644,0.06531435,219.06145,0.1979102043578019,14.0
10895,754.9141,144.63956,0.14203966,508.2074,0.2924507253009941,66.0
10896,67.1374,64.25157,0.06371213,110.46431,0.1237537788270239,8.0
10897,373.89447,92.22387,0.1201449,274.14282,0.2411793387388053,33.0
10898,209.62111,86.20964,0.0804851,211.11433,0.2261353975819532,27.0
10899,633.81305,135.84904,0.13669893,434.98264,0.2901634509360687,70.0
10900,73.0028,72.207634,0.06318227,123.47389,0.1509702238767322,16.0
10901,85.11101,61.72589,0.069581576,140.50754,0.1559753277989387,18.0
10902,170.12662,97.19574,0.11060216,227.87488,0.1979879129509382,50.0
10903,2.3872516,14.261303,0.015634412,19.945728,0.0430199328587634,0.0
10904,543.8315,138.1418,0.13559309,466.7842,0.2527561105509361,83.0
10905,147.19481,82.390175,0.068813466,208.39748,0.1485744241260752,16.0
10906,110.11872,73.23202,0.08034764,147.48782,0.1496142407230342,15.0
10907,547.0055,148.65913,0.12908883,481.58618,0.2546282854532778,95.0
10908,10.546615,28.19003,0.045353785,30.080074,0.077034507655274,2.0
10909,259.585,99.37656,0.12282826,263.5931,0.2085655474637249,34.0
10910,261.92688,82.410126,0.116468735,291.66577,0.2149342635489287,44.0
10911,53.79343,65.672844,0.05154734,95.312775,0.1208297308840946,5.0
10912,636.5577,168.83067,0.1349264,486.5431,0.2507040590450711,87.0
10913,170.83537,94.48029,0.11906158,220.95386,0.1955611200009174,46.0
10914,206.30632,100.04718,0.09118932,251.83292,0.1921078468309019,41.0
10915,11.655622,38.766785,0.038961574,38.497665,0.0865071268444868,2.0
10916,144.36758,87.42074,0.08736613,174.83118,0.1668763385586962,17.0
10917,367.87253,141.05235,0.13543265,378.87997,0.2483440005554162,111.0
10918,44.039158,51.699768,0.05849475,84.044525,0.1154702671150642,5.0
10919,90.512825,76.99516,0.08096773,139.4979,0.1511279615667687,16.0
10920,303.901,103.240326,0.107846424,273.71057,0.2214065204654035,35.0
10921,218.0476,60.430885,0.080981374,209.63988,0.1760409830325314,12.0
10922,172.56903,79.330956,0.117424116,196.52744,0.1891652242929672,24.0
10923,367.28714,129.44771,0.11273018,347.80923,0.2296350636052116,44.0
10924,96.416046,62.620964,0.070706196,151.38754,0.1368854340300112,9.0
10925,906.02216,175.99126,0.17419995,649.51984,0.2807341392607394,148.0
10926,0.9776811,9.107526,0.014080446,14.131001,0.0296141394630829,0.0
10927,146.87534,86.49715,0.08044941,202.351,0.1763434275276471,29.0
10928,40.787457,36.79744,0.037436917,74.14427,0.1012435018497078,3.0
10929,580.22797,139.78363,0.10913559,453.99857,0.2459126022527581,60.0
10930,416.46054,127.869156,0.12397044,371.63248,0.2514748507774053,68.0
10931,9.610508,31.403866,0.042500608,27.823896,0.0900702800087514,5.0
10932,413.0065,132.57451,0.11853584,342.4756,0.2041754463647282,39.0
10933,254.95592,96.17593,0.09148587,242.46997,0.1734061485626878,18.0
10934,18.374825,23.166756,0.031012975,44.307297,0.0874051131540459,1.0
10935,391.4345,124.18457,0.120353505,392.8685,0.2415065806647996,98.0
10936,670.964,151.60298,0.117987715,491.61243,0.2508439315371137,64.0
10937,619.21497,121.669655,0.1134651,425.48904,0.2379363153401037,53.0
10938,253.66457,117.70809,0.12245484,279.61734,0.2059605815025136,56.0
10939,668.914,133.40985,0.13417439,464.943,0.2621785485422419,56.0
10940,245.30107,88.64304,0.12269881,228.324,0.2343736069435162,35.0
10941,636.51,154.78462,0.11496871,519.6752,0.2362358739969916,76.0
10942,131.28497,77.94802,0.10679438,174.09105,0.1939468967793131,38.0
10943,5.1205363,15.483257,0.026872043,21.500656,0.0842720535446953,1.0
10944,197.21884,87.198975,0.1094904,196.2012,0.223482167780166,28.0
10945,453.63724,116.89943,0.1342252,376.7973,0.2433600595497281,55.0
10946,27.105803,41.497665,0.058036067,47.04845,0.1436608470510024,5.0
10947,106.9155,57.712723,0.08998307,136.7103,0.1846678886924031,13.0
10948,395.65927,125.82214,0.12732068,365.70312,0.2462762930034603,74.0
10949,17.021307,32.785465,0.03821661,47.042355,0.1015337695678045,2.0
10950,24.36667,46.558598,0.04434343,56.24983,0.0872851950804354,2.0
10951,338.17798,115.896515,0.116478235,328.3419,0.2293474186621405,48.0
10952,134.97446,69.54793,0.071484,182.09805,0.1908310051673996,25.0
10953,502.79556,119.13916,0.12486005,346.7444,0.2487741073181617,40.0
10954,358.89166,143.47656,0.12156181,351.8418,0.2349880288999508,84.0
10955,113.0093,58.686684,0.050555546,140.57661,0.150000083200646,7.0
10956,131.18648,65.465065,0.07082165,158.2565,0.1683691868296632,8.0
10957,10.390818,10.906834,0.021810975,33.346046,0.0613549826720886,0.0
10958,84.708755,62.78457,0.073057085,116.23656,0.1658114470811281,11.0
10959,273.03827,97.64663,0.1028853,236.63611,0.2248340647519507,25.0
10960,688.95593,130.55502,0.12034177,462.54843,0.2735928952693029,60.0
10961,14.572438,35.039444,0.046688616,43.065582,0.1053083130882048,4.0
10962,99.00954,66.233604,0.06961757,145.11372,0.1466792547354913,9.0
10963,5.399087,24.964973,0.023091167,31.038656,0.0573151030592901,0.0
10964,119.666016,65.65498,0.07444734,168.25366,0.1805194259256478,24.0
10965,61.60685,74.48644,0.08996733,114.44719,0.1466311413762649,20.0
10966,75.6232,75.50361,0.07601353,135.2815,0.1598148718118537,29.0
10967,113.701675,41.996246,0.077305555,114.97818,0.1862933817341622,6.0
10968,63.73201,58.89112,0.06792797,115.42012,0.1389534503753433,15.0
10969,655.05225,138.9365,0.1288915,501.2297,0.2489573683133319,70.0
10970,101.077065,56.82595,0.09790984,125.711815,0.1842958729381626,12.0
10971,339.5439,114.23912,0.1186522,268.84177,0.2196984691337098,29.0
10972,149.85298,72.284676,0.08418496,158.19987,0.1890969912850175,16.0
10973,593.8353,143.20674,0.14082302,493.2666,0.2463582485968806,82.0
10974,33.15605,45.582714,0.04032126,80.59442,0.0971430727992407,1.0
10975,12.115524,23.926403,0.05684957,34.76236,0.0867763049413482,2.0
10976,281.86856,88.38191,0.087930106,242.76312,0.2144339387481516,26.0
10977,52.41237,51.252426,0.041161865,95.507614,0.0965906193947409,2.0
10978,33.897125,48.99713,0.043524154,74.70283,0.0747004653857198,3.0
10979,135.22873,58.097057,0.086924486,152.59306,0.1895938257694807,12.0
10980,265.21524,103.61784,0.121446356,284.02463,0.2292020385810938,68.0
10981,125.615776,74.8979,0.076603726,161.59177,0.1979447584999183,27.0
10982,305.7867,108.82209,0.16768509,265.65115,0.2712279451825273,53.0
10983,168.72768,81.568634,0.10077639,183.51819,0.1948556268957778,22.0
10984,400.8755,119.0288,0.10941796,355.0654,0.2298854757862482,50.0
10985,530.76,143.95467,0.1266019,382.81378,0.2669974495018175,55.0
10986,723.03925,153.34195,0.13508785,556.82086,0.2681345572292091,96.0
10987,160.82637,89.5575,0.116373435,186.35448,0.1997153730450876,34.0
10988,303.3775,134.21198,0.11351564,326.3697,0.2208516856857467,80.0
10989,389.36826,113.92809,0.111957006,337.9708,0.2346220059301269,56.0
10990,662.3576,161.62645,0.15761241,552.32104,0.2815943900435106,134.0
10991,866.2434,175.78596,0.15197916,586.48517,0.2768302557317048,101.0
10992,75.68616,51.102207,0.079591,100.41284,0.1732841053812148,12.0
10993,2.3381643,12.601193,0.012768897,25.39682,0.0521463135649732,0.0
10994,60.780785,36.399837,0.061673097,83.35882,0.1319974000436298,6.0
10995,252.20421,86.79006,0.09016897,242.79732,0.2045683212183139,23.0
10996,39.720097,37.12189,0.057043537,68.03643,0.1287967244355408,3.0
10997,145.9434,75.95906,0.11726023,158.29042,0.2198527928696616,40.0
10998,21.369246,31.50397,0.04263751,49.745808,0.1040504452685176,4.0
10999,879.56744,175.15697,0.14974782,616.7881,0.303229269064735,145.0
