stress,l1_angle,edge,ring,tsne,index
1838.073,163.23517,1.6670461,539.36334,0.3726567,10000
331.1693,125.457436,0.98438287,209.2842,0.26475352,10001
421.29993,109.822845,1.1402469,225.83084,0.25207078,10002
293.5127,108.56175,1.1641538,134.89137,0.27848485,10003
588.47614,90.91447,1.1631885,337.0756,0.23532,10004
2029.8318,184.18468,1.5305693,782.11975,0.36644095,10005
948.3539,168.50842,0.63482964,506.95285,0.23752268,10006
378.2628,107.63327,1.2148697,213.05591,0.257862,10007
56.041046,48.95637,0.40407163,49.529995,0.2351408,10008
780.5032,167.73222,0.27877286,515.2165,0.28266504,10009
65.23032,43.279457,0.5095501,56.23569,0.20203257,10010
151.16818,68.07245,0.5021111,112.38257,0.35422215,10011
135.97813,66.98654,0.5450403,109.27459,0.28032854,10012
50.148647,42.854805,0.3820079,50.87992,0.15997629,10013
741.9901,125.60483,0.3144924,438.38312,0.2671246,10014
907.84296,167.33527,0.23293388,520.17096,0.2679813,10015
295.3565,91.16246,0.8872928,172.55836,0.24926656,10016
465.09503,112.78648,0.4742995,315.57504,0.26508212,10017
1530.9318,182.64685,1.2666548,758.3017,0.3402977,10018
1545.1997,197.41846,1.3737491,766.62317,0.30532813,10019
1042.0448,138.17632,0.76719105,436.5417,0.25811794,10020
2572.9683,177.11716,2.6422527,753.7637,0.38862208,10021
633.09265,116.62711,0.16256519,419.83994,0.25232378,10022
1045.4863,207.25986,0.25723252,690.88,0.29377523,10023
1462.8867,208.83185,0.8811039,684.72723,0.29963726,10024
30.20521,23.434166,0.31509262,25.629704,0.29238263,10025
662.7461,130.62141,2.21757,242.61356,0.27188116,10026
636.0557,139.86276,0.18684429,410.60623,0.25759113,10027
541.70215,126.50099,0.21613601,353.62985,0.27324015,10028
896.2268,196.3568,0.2383198,566.92163,0.27336612,10029
1188.9818,170.69022,0.5505419,613.576,0.29888955,10030
420.75183,121.04106,1.3229823,230.91287,0.28684744,10031
30.236454,43.684795,0.26567742,33.200195,0.1715448,10032
50.51432,42.235603,0.4183805,39.780487,0.29914302,10033
726.7364,117.05133,1.0057178,290.31714,0.27624357,10034
198.51035,111.57593,0.5986679,138.67732,0.1693253,10035
72.44144,48.32699,0.4861669,56.104015,0.27099186,10036
1827.3835,203.24869,1.1108466,810.2857,0.3545308,10037
679.4165,118.7719,1.4309393,244.29846,0.32341123,10038
159.08624,66.25049,0.6426151,126.86004,0.24644102,10039
106.841225,66.943726,0.51423216,82.48256,0.31710535,10040
198.68935,104.21105,0.24827969,156.73445,0.1950572,10041
378.7085,109.90359,0.81419367,260.133,0.23767757,10042
507.2018,117.41684,1.5755451,234.36194,0.29933935,10043
270.8954,83.60853,0.92735165,168.2251,0.39144027,10044
1542.1188,150.40186,0.65384877,619.1783,0.35250664,10045
1588.5931,204.46446,1.99779,577.16095,0.34497312,10046
703.6682,112.22921,2.4715729,152.44975,0.27037254,10047
1283.9835,177.32825,1.7055378,503.56714,0.31350514,10048
159.89299,93.24084,0.27398545,150.83662,0.1510785,10049
501.71072,145.33904,0.1456699,430.98154,0.22369823,10050
804.53784,150.81088,0.20413204,536.8003,0.25394353,10051
233.95094,77.7946,0.7296264,142.98526,0.20236954,10052
287.26007,105.19596,0.70009655,227.788,0.21612826,10053
338.38278,99.842606,0.88446426,201.58145,0.23140596,10054
69.199974,39.691586,0.4794018,44.975197,0.44342002,10055
391.61316,117.058334,0.19014822,261.79337,0.19150648,10056
1968.3527,241.34276,1.6736251,847.36835,0.34446287,10057
298.44275,115.99104,0.31031564,261.93637,0.19277744,10058
999.98914,173.78458,0.85778415,599.69714,0.29227486,10059
1284.6273,194.81013,0.48483104,727.4379,0.32059282,10060
590.9171,160.15105,0.14727859,416.5515,0.20434077,10061
778.00146,158.46466,0.20439497,488.89743,0.22865859,10062
379.84805,81.680374,0.9940663,196.7333,0.55554485,10063
581.8375,139.35812,0.16945043,418.42056,0.2272872,10064
445.55386,113.79845,1.1971519,150.08415,0.21844047,10065
316.92267,86.27392,0.7812624,189.63806,0.5003546,10066
272.98648,97.91011,0.91023177,162.7614,0.1939661,10067
626.6438,127.73656,1.3164369,263.2828,0.27585647,10068
252.8277,105.30911,1.0871291,143.69829,0.20212416,10069
474.69696,113.35008,1.5381776,241.44652,0.33126155,10070
396.91748,104.30686,0.20443176,336.09973,0.22965801,10071
194.57545,96.994804,0.6214257,150.42097,0.18912399,10072
133.82712,53.18035,0.683384,87.38084,0.3348869,10073
788.684,145.59995,0.20960437,493.28683,0.24361722,10074
321.64075,108.134094,0.6074614,236.17833,0.23950799,10075
321.0216,106.70549,1.0302038,190.7436,0.22078912,10076
763.3104,129.72958,0.20736662,493.93958,0.2720364,10077
414.80984,128.97215,0.16528837,312.8029,0.2030868,10078
557.73737,106.109116,1.8788551,208.90984,0.599682,10079
481.20004,105.32286,1.2540671,240.0757,0.34662995,10080
315.93573,62.767784,1.1054097,172.28412,0.48975194,10081
54.491074,40.67821,0.3584442,53.075535,0.20789994,10082
376.41498,75.8897,1.2183591,182.58533,0.44414395,10083
427.14468,88.775635,0.216411,292.3574,0.26049283,10084
296.2145,98.872986,0.7406784,214.38339,0.2700869,10085
482.4441,98.10717,1.1414826,269.26428,0.2672159,10086
433.35913,92.15133,2.1808503,96.22701,0.33483025,10087
571.1643,138.99112,0.21080677,415.77002,0.26843706,10088
661.96075,145.04887,0.76464844,411.2059,0.253668,10089
235.30812,75.83759,0.59543216,134.53738,0.1600133,10090
35.96923,34.404366,0.3757022,31.98142,0.25615606,10091
289.1749,88.08977,1.1899977,146.06601,0.31996155,10092
376.93915,113.77119,0.1744778,278.39075,0.19367275,10093
549.31854,124.21266,0.76971763,284.89447,0.26725337,10094
91.623856,52.558384,0.42295974,81.104675,0.257503,10095
1306.0587,170.36226,0.39220154,631.3697,0.3069218,10096
316.2929,80.249435,1.2153591,160.62158,0.276015,10097
327.74756,120.31171,0.21317983,256.16577,0.20389248,10098
316.11414,139.48009,0.32819328,303.03888,0.18954685,10099
662.2011,135.11636,0.18279222,498.47693,0.22672185,10100
52.258686,35.472275,0.5474545,36.064777,0.27762085,10101
378.551,118.631905,1.3640494,144.70424,0.29532737,10102
23.568127,37.83322,0.2622108,30.950691,0.11465404,10103
398.04575,70.23794,1.003968,201.46526,0.8370043,10104
414.91,109.88648,1.2139761,207.91518,0.36451963,10105
95.18189,41.5573,0.5162924,75.082565,0.3083866,10106
211.82367,68.729416,0.8685219,144.4019,0.32196352,10107
472.85318,108.913704,1.7151783,183.66902,0.31481054,10108
383.04782,107.500084,1.1778194,221.99733,0.21240313,10109
132.08786,55.194862,0.61503613,97.772095,0.31233886,10110
1685.6415,189.25499,1.3467396,764.095,0.33752114,10111
40.825985,40.311913,0.30438402,41.43904,0.17536527,10112
600.286,121.61265,1.4833455,286.0047,0.2560438,10113
286.52594,63.827747,1.0552843,138.58977,0.6340356,10114
1547.5522,198.28632,1.0110528,803.11414,0.33132383,10115
51.80754,50.2078,0.35418838,56.686764,0.16682306,10116
423.60605,107.30802,0.37246016,204.79456,0.23985076,10117
595.8157,126.33165,0.511803,294.00253,0.20415281,10118
197.19588,77.72601,0.4659769,143.187,0.19824915,10119
276.52933,105.60014,1.0716445,138.56648,0.23105317,10120
362.42398,83.265015,0.94368804,187.88266,0.60363644,10121
386.81332,107.89426,1.2318869,150.4626,0.29985178,10122
94.70339,37.82229,0.5795167,69.67797,0.28703234,10123
60.66295,47.16159,0.3563263,50.320732,0.27002442,10124
1401.5497,156.9673,0.94505024,679.29926,0.36474895,10125
1296.1499,173.33842,1.4190949,594.49023,0.31925538,10126
55.320843,54.87711,0.4380948,44.355537,0.23097299,10127
718.7362,129.55067,1.8373013,271.76852,0.48976684,10128
922.3969,148.11621,0.88054585,510.9249,0.26420522,10129
467.87082,93.74742,0.1523492,319.38843,0.24844977,10130
289.22754,93.57909,0.3201149,187.66971,0.16821492,10131
303.58206,115.125305,0.640319,215.11563,0.20585391,10132
622.04846,143.89525,0.9300021,360.3437,0.27339777,10133
986.24036,161.08656,0.2481767,609.65326,0.28292173,10134
333.66797,90.325775,1.3938701,125.51783,0.23725098,10135
91.91264,45.61934,0.3951012,79.42508,0.27660167,10136
101.01756,48.49533,0.51221627,80.67476,0.27326065,10137
309.00848,104.070885,0.22250767,204.73259,0.20969987,10138
349.0982,99.67238,0.15932341,248.39194,0.17333153,10139
260.23718,93.612,1.1139145,110.66043,0.21609287,10140
57.65868,30.42565,0.50222605,40.708652,0.3715377,10141
363.28372,90.31033,0.17177176,232.12602,0.22280365,10142
917.3773,191.96951,0.29398325,652.80426,0.26724476,10143
1071.9766,177.47943,0.2656645,739.83435,0.2745047,10144
543.7578,155.77014,0.6033001,387.572,0.22991887,10145
485.56583,101.527374,1.41094,209.8452,0.29982919,10146
468.84525,108.10423,0.30377653,306.63562,0.22812553,10147
2095.9075,220.00864,1.5191541,922.89166,0.38266456,10148
75.479004,35.79079,0.55387706,56.937317,0.23795356,10149
60.50836,40.703377,0.4271479,58.611336,0.1703128,10150
46.868893,40.2202,0.34473592,46.939396,0.18672703,10151
788.40076,149.90918,0.9257314,330.47675,0.30174428,10152
640.52,117.5904,1.6953814,311.60678,0.35190332,10153
501.03125,110.528496,0.18528292,297.15765,0.23365481,10154
165.36214,73.759125,0.6376751,121.70661,0.30204237,10155
399.31375,86.77565,1.1656387,214.11893,0.24376804,10156
355.66125,123.43549,0.7377354,182.99547,0.17449895,10157
59.995483,43.034576,0.39406502,62.300022,0.17906287,10158
853.8312,169.91101,1.2311337,460.25156,0.30192584,10159
337.91296,92.385666,0.9429678,169.06972,0.2587459,10160
573.3231,118.805405,0.1914165,337.0101,0.2557661,10161
988.85583,165.1229,0.26580542,572.99365,0.27284685,10162
389.29523,114.09091,1.0391726,201.3957,0.21315786,10163
349.3925,99.1889,1.0355612,172.6726,0.24903063,10164
769.8196,117.87502,1.1098095,287.90607,0.30760452,10165
169.79771,63.96619,0.72660315,108.939514,0.36636,10166
399.67694,102.849144,1.3849072,218.53195,0.27159846,10167
374.80295,97.77371,1.0483854,204.0041,0.46955857,10168
1615.1478,166.72762,1.4178128,637.7765,0.3804007,10169
442.91992,109.299904,0.23265754,250.42679,0.23088516,10170
376.45465,103.65355,1.047607,222.01039,0.41341868,10171
1136.2374,170.95712,0.73384804,489.50684,0.2834091,10172
483.6999,139.16144,0.19893415,393.7171,0.20334327,10173
1342.3325,168.78468,0.98385316,654.15967,0.31601584,10174
942.42786,157.11395,0.19786847,570.0656,0.26669592,10175
516.859,124.36642,0.7777338,278.0564,0.28997514,10176
95.80607,62.031723,0.52165425,70.89677,0.34809637,10177
692.87744,166.17854,1.3219308,343.91003,0.29224753,10178
550.0552,135.21016,0.2622266,369.2743,0.21214493,10179
144.7322,78.95168,0.20088674,107.279045,0.14618526,10180
553.7761,111.618416,0.22102407,349.52753,0.2551356,10181
466.39526,128.11346,0.2456031,319.68823,0.21985056,10182
109.60448,59.14425,0.50935405,81.78501,0.3275057,10183
612.6758,119.14925,0.16398285,372.59772,0.20959412,10184
640.1299,135.49608,0.23149365,461.6402,0.27517083,10185
746.7248,130.24236,0.23149312,422.2631,0.27844703,10186
1321.7866,185.11966,0.8835285,684.6259,0.27479696,10187
342.88126,112.04133,1.1659428,158.76868,0.27881253,10188
830.63385,146.94829,0.21232478,516.7174,0.26387274,10189
431.1982,103.15072,1.4958583,205.38364,0.28812125,10190
481.11343,96.6542,1.7189708,216.17398,0.2980386,10191
747.68677,121.59756,1.5570105,342.24268,0.2788412,10192
347.01553,84.16186,1.1462015,196.82977,0.22160906,10193
404.2165,122.67154,1.4165202,216.70517,0.2747283,10194
1617.7272,227.62648,0.6204958,885.4524,0.35267884,10195
1583.8374,190.72455,1.4798203,671.6122,0.3334906,10196
1142.1923,153.71115,1.9742391,474.73938,0.31491005,10197
483.61877,129.00333,0.24396046,309.25635,0.21165907,10198
355.59726,104.05583,0.89730036,201.32892,0.44232565,10199
183.57104,105.05884,0.3148153,187.10883,0.17876104,10200
550.2935,132.19684,0.47336614,339.7711,0.24852172,10201
314.67807,102.984146,0.74202573,202.15352,0.22271512,10202
1358.8241,170.7346,1.0959647,587.4637,0.2851467,10203
34.395737,39.634647,0.32965696,33.628384,0.19170263,10204
108.989395,57.221367,0.6104187,80.142654,0.27177978,10205
443.77304,116.00732,0.34940916,317.62662,0.2236884,10206
342.35526,121.21945,0.8947123,169.57776,0.26298782,10207
514.1357,105.86845,0.74433136,277.22476,0.2274339,10208
774.19495,137.99277,0.6805417,408.62448,0.25513375,10209
264.25928,75.438705,0.916454,171.58931,0.34427187,10210
545.91046,123.23729,0.19466746,419.95905,0.2480106,10211
257.14468,83.340645,0.92430526,163.65509,0.20763619,10212
55.555725,31.660927,0.4047243,38.507996,0.44717914,10213
190.76103,59.64811,0.7752664,118.43501,0.36265045,10214
592.6025,134.6626,1.0378127,375.78476,0.24187826,10215
274.80804,70.84761,0.9119931,152.22179,0.5551538,10216
680.8921,140.417,0.25342864,408.3336,0.28555834,10217
131.6271,55.52324,0.60703737,93.08842,0.33375332,10218
517.0614,121.78236,1.1226668,287.52774,0.30294678,10219
45.753143,32.79522,0.28497857,49.497154,0.16064167,10220
296.4753,95.94006,0.5616457,231.92508,0.23573701,10221
148.88815,61.334408,0.6256144,114.57106,0.26925194,10222
479.3501,122.886856,0.589285,251.21112,0.17703226,10223
624.8707,95.38888,1.9982238,220.71286,0.4043726,10224
238.43561,91.23666,0.74524426,175.67796,0.23232113,10225
487.18643,94.99541,2.1283736,157.22871,0.39939997,10226
76.57573,44.858215,0.4910962,61.314365,0.29081225,10227
227.39868,64.38977,0.8317215,143.6408,0.22044143,10228
636.27795,92.64433,1.1397034,266.46832,0.2353137,10229
815.3509,131.32458,0.20153323,426.36945,0.26848128,10230
313.88495,104.71069,1.0558733,162.91864,0.22555563,10231
435.28802,165.6337,0.20682655,403.6099,0.21171261,10232
488.9706,129.804,0.1913377,409.50302,0.22616854,10233
501.00955,137.6617,0.6453758,337.64407,0.28246495,10234
224.46246,91.10532,0.27060148,214.51083,0.19024953,10235
195.64305,62.922215,0.83823,121.0817,0.36075112,10236
67.95266,36.806595,0.5136311,44.584286,0.40484288,10237
93.15201,63.67016,0.4512316,86.32685,0.20495383,10238
1212.0804,176.94196,0.7772362,651.3564,0.29654208,10239
601.92896,121.788666,0.2100426,413.22455,0.22302902,10240
478.96182,115.84447,0.16025448,282.25198,0.20452385,10241
250.2273,75.36381,0.873727,141.0509,0.19330785,10242
222.65057,95.3161,0.11923186,212.76538,0.15992554,10243
690.2253,136.3453,0.22787228,503.15814,0.2875637,10244
1086.0767,122.61099,1.0484879,451.3158,0.31156784,10245
630.28296,93.66822,1.2348269,472.72842,0.3621794,10246
668.9783,137.99106,1.732921,263.3249,0.27792817,10247
662.06586,139.88763,0.62618303,415.72617,0.25861296,10248
453.22348,127.60979,0.50754404,324.2494,0.22378646,10249
424.6707,128.09866,0.14656404,311.21957,0.2135828,10250
400.01105,109.955574,0.16820568,344.2989,0.21737757,10251
39.06372,26.02426,0.4841331,29.537998,0.24659646,10252
429.6812,75.808266,1.1743673,205.65767,0.6872147,10253
422.52032,123.87625,0.17882684,381.6782,0.25314313,10254
777.88354,138.1063,0.2267363,487.81192,0.2614836,10255
853.4418,178.3526,0.21891402,629.331,0.27860042,10256
43.33174,44.883858,0.36185804,41.92979,0.18195893,10257
396.36026,92.227295,1.2075081,226.49213,0.44047153,10258
529.0558,114.66923,0.7074272,288.56918,0.25175413,10259
474.23935,107.6895,0.9285684,179.05655,0.21309462,10260
1127.3689,145.83926,1.0075254,483.56964,0.27489805,10261
1742.8633,177.61731,2.8378377,678.3353,0.27815378,10262
275.76794,86.18125,0.77370113,178.51422,0.23443672,10263
421.22488,128.47664,1.2023853,233.66385,0.24544993,10264
172.64615,66.30103,0.7032346,103.05997,0.50975835,10265
1376.417,192.96997,0.6180038,743.9075,0.31890553,10266
431.52765,119.644165,1.3232121,169.3847,0.57922214,10267
405.29425,104.251785,1.3275125,218.73329,0.34088448,10268
191.69006,72.63302,0.55956465,134.61415,0.36975345,10269
386.1241,120.9013,0.84095544,242.13037,0.27426273,10270
377.05078,100.13093,1.4148836,196.40984,0.25783682,10271
308.08966,97.202194,0.8585598,237.66309,0.25863087,10272
198.94225,98.13264,0.31753936,139.21161,0.168176,10273
509.3158,122.63807,1.2018031,267.37823,0.252299,10274
427.75995,70.86061,1.4246588,168.3211,0.5413865,10275
394.73462,111.49228,1.1549021,186.9981,0.57775724,10276
412.93713,107.892586,1.3134257,225.86595,0.37794673,10277
649.6864,144.27017,0.18129647,490.61575,0.24998623,10278
392.4749,107.07787,0.9676602,231.11128,0.27753565,10279
1074.3087,186.42111,0.29396826,722.84424,0.29190996,10280
243.9235,110.9602,0.39120263,170.93553,0.20887686,10281
329.0508,103.551025,1.0022168,172.50136,0.16402431,10282
500.01318,113.382774,1.8413992,157.23987,0.45159903,10283
1022.9061,190.86385,0.25147957,630.8782,0.26708996,10284
438.7766,128.87639,0.591839,281.49908,0.19998576,10285
231.94205,92.39304,0.7084901,170.10791,0.29656827,10286
304.97455,68.20491,1.0109122,146.94498,0.8041227,10287
434.53937,135.27684,0.5098913,288.3632,0.22854601,10288
815.8405,124.98284,1.1444807,373.48212,0.30234015,10289
623.59094,159.54562,0.2610907,487.2719,0.25894773,10290
99.55644,69.22977,0.49945942,72.98477,0.36262113,10291
514.2966,98.65299,1.5364766,203.70259,0.46276563,10292
44.531395,39.618866,0.3343878,46.77154,0.17326425,10293
1109.5514,218.34335,0.26466826,814.1717,0.28908002,10294
773.8844,150.3784,0.21088593,541.33765,0.25797153,10295
399.7995,109.67076,1.0206367,202.16402,0.2766146,10296
162.42401,52.688965,0.6590328,109.018196,0.36146477,10297
264.0849,60.751072,1.0731356,163.53546,0.38555667,10298
948.19324,177.7683,0.28881127,620.51935,0.296653,10299
130.1835,54.9895,0.63721603,92.869316,0.3264833,10300
53.88627,37.54474,0.4723457,35.92388,0.36929375,10301
244.27533,67.52648,0.74560237,140.0741,0.47607502,10302
664.54504,125.62873,1.4102417,362.60016,0.2327362,10303
810.2391,146.96759,1.2598898,250.2451,0.27629125,10304
810.1644,153.41943,0.17749715,474.31384,0.27148637,10305
489.42224,121.373405,0.17058775,352.6446,0.22445086,10306
251.36743,78.83615,0.8305881,177.07028,0.19410533,10307
263.98077,95.13954,0.16081694,246.44191,0.1741825,10308
320.19556,79.7444,1.1108403,235.49881,0.32680327,10309
922.3368,174.48105,0.21579795,554.549,0.24918893,10310
387.05087,133.50038,0.24252123,358.63474,0.22117639,10311
114.729004,50.902657,0.5600948,75.6224,0.4012362,10312
367.50583,108.23593,1.447269,170.96109,0.27290833,10313
345.20944,122.18669,0.22356455,315.96948,0.20829606,10314
363.47647,89.59558,1.1707273,168.55486,0.7015557,10315
396.20682,108.38442,1.1765773,220.59422,0.2769987,10316
522.5627,132.61028,1.0357578,313.03006,0.25589505,10317
44.038704,56.693462,0.25591373,54.331917,0.16758814,10318
356.3909,118.276436,1.2275617,178.42247,0.37013078,10319
771.6592,107.97694,0.8542429,339.02356,0.28711227,10320
878.7167,165.36336,0.19851147,576.5985,0.26226968,10321
488.03033,107.67702,1.3043051,198.10048,0.2691778,10322
492.659,117.39443,1.6326435,238.45364,0.31388795,10323
804.9066,161.90445,1.4180933,326.1811,0.34974313,10324
98.49148,38.572754,0.64089584,57.466434,0.39901918,10325
308.22012,98.78203,0.789155,137.32048,0.26755112,10326
38.00858,47.497154,0.26539612,36.759315,0.25706756,10327
473.82864,124.14661,0.59291893,304.16083,0.23444831,10328
191.00525,82.01866,0.60901445,146.50435,0.17618908,10329
413.31714,132.63551,1.3171813,199.33678,0.29425216,10330
848.53815,166.05392,0.2229149,577.8183,0.26704243,10331
277.52612,82.57066,0.57985413,167.08214,0.1678589,10332
62.242046,44.621193,0.38887122,56.379997,0.23371646,10333
597.69995,149.98311,0.18512169,534.1834,0.21784785,10334
812.8339,138.21587,1.0636736,448.2569,0.28598344,10335
1118.8042,149.30428,1.1018431,538.24713,0.32370147,10336
238.20857,120.761826,0.21366686,222.24084,0.17605321,10337
165.9294,82.20384,0.3312549,153.091,0.1745455,10338
414.7454,102.36248,1.3041348,201.9771,0.2796055,10339
771.5773,150.21094,0.24236158,516.9889,0.30624795,10340
28.617655,31.7428,0.25569218,37.176914,0.12524422,10341
326.8508,140.82605,0.257574,202.24905,0.17569265,10342
91.496086,65.50589,0.4795584,78.6194,0.23711039,10343
248.20679,72.87152,0.9957802,134.50214,0.22702147,10344
390.01898,102.37404,1.3597139,202.00342,0.29262745,10345
442.15015,129.99371,1.1782129,258.3564,0.26792854,10346
1036.5835,192.94798,0.21302563,701.67883,0.2934188,10347
124.13012,61.51398,0.42960432,109.34482,0.2387361,10348
825.5863,170.00157,0.22961316,649.6959,0.24763341,10349
451.23874,142.48001,0.23414172,331.5199,0.21515262,10350
316.24167,110.04303,0.21890363,253.7062,0.2199081,10351
559.24805,128.37953,0.17552443,354.89838,0.21009758,10352
311.72556,89.046875,0.93699986,183.35909,0.41954187,10353
531.40375,109.16606,0.77822554,303.53757,0.25072196,10354
825.86523,180.77663,0.23324339,600.65466,0.26106632,10355
520.8838,110.85922,1.27825,292.55307,0.26038274,10356
723.9122,148.65852,0.20444874,427.7817,0.27825344,10357
757.3512,127.964806,0.14745422,449.67758,0.2425778,10358
170.14323,71.08016,0.79547924,114.62395,0.34131548,10359
546.5679,133.46588,0.6640913,278.53583,0.26458657,10360
409.67438,99.14174,1.2803801,204.72913,0.53916794,10361
251.54149,74.24902,0.8922864,159.7701,0.37014782,10362
607.62286,117.52367,0.65817463,347.43973,0.25736973,10363
47.99958,45.892887,0.32452175,52.93984,0.16245598,10364
108.1613,63.440346,0.5339937,83.8823,0.29218107,10365
438.91046,107.11583,1.6182253,179.76025,0.32565558,10366
524.80237,112.93601,1.8001565,129.33904,0.5557504,10367
363.49036,74.45316,1.4097956,141.0087,0.28764752,10368
282.83426,113.922295,1.0392989,142.00793,0.27450037,10369
452.81137,95.54626,1.2105618,182.99168,0.28755835,10370
328.19022,135.91306,0.92300236,217.49808,0.2403232,10371
1098.2069,185.88464,0.29790205,645.9226,0.2909373,10372
347.76215,99.725334,0.57363296,171.8356,0.25122386,10373
411.21988,104.03363,1.5650162,181.14143,0.25334778,10374
252.23184,84.499016,0.98936427,148.91264,0.40263757,10375
526.2667,128.42345,0.46148196,339.11667,0.2574192,10376
491.1491,112.80665,1.3932799,182.69708,0.27939975,10377
414.28848,117.55434,0.5033723,282.62527,0.21444215,10378
628.7792,150.77983,0.5746828,418.98108,0.30548483,10379
206.36641,95.95528,0.4338219,161.23781,0.2133937,10380
1145.4482,162.35164,0.8719386,557.9177,0.3008309,10381
408.50388,114.422806,1.4321164,171.07251,0.31850475,10382
260.62335,97.9906,0.9138804,152.27014,0.22176869,10383
629.372,148.61913,0.31165856,437.21857,0.25582746,10384
417.98853,115.48429,0.36962768,286.8623,0.19888611,10385
79.30539,40.68093,0.4314346,56.306564,0.34802318,10386
331.12653,112.959045,0.32881236,210.53055,0.16562285,10387
441.68015,132.62651,0.20039238,424.00403,0.22939159,10388
415.48938,121.95267,0.98670375,239.89268,0.24541235,10389
307.97818,111.23017,0.92912066,170.75075,0.2577347,10390
470.63312,99.24722,0.23933294,313.4946,0.24996409,10391
285.3765,103.44958,0.8802252,164.0381,0.23766513,10392
100.814476,52.847218,0.5460881,75.128365,0.32113594,10393
498.53452,109.95926,0.8717718,260.18414,0.23254384,10394
711.621,147.10143,0.20964636,398.45523,0.23486936,10395
303.30945,82.670654,1.2903824,166.35812,0.2346462,10396
856.67566,148.58301,0.57389385,395.90445,0.2726613,10397
788.688,135.25009,1.2393615,273.0616,0.2801482,10398
432.79138,121.88523,1.0158405,247.236,0.21576533,10399
68.63496,55.58805,0.35888198,67.95616,0.19632027,10400
444.6671,124.757095,0.22906616,346.40744,0.1997552,10401
615.4149,118.11188,1.6910712,237.09921,0.31832647,10402
324.70776,65.947495,1.0469056,191.04242,0.59869194,10403
285.81955,102.92139,0.58078665,220.98744,0.21640776,10404
699.1848,162.12509,0.78270465,475.77423,0.28705883,10405
981.1406,144.62228,0.23691005,550.9155,0.2852115,10406
256.71408,82.48108,0.64683145,158.19904,0.20823781,10407
225.4466,84.68802,0.7666996,157.51788,0.3032057,10408
284.03027,90.76717,0.89063746,170.67671,0.19004288,10409
899.7096,154.46983,0.22422451,495.02887,0.31253317,10410
293.32416,97.97918,1.2642059,130.14742,0.26363665,10411
1049.5494,162.576,0.2425735,687.72095,0.28040746,10412
425.01767,113.57043,1.1826507,259.84763,0.25830674,10413
479.2601,105.4656,0.18609309,279.75986,0.2605753,10414
308.92413,116.490974,1.1148624,132.3436,0.29832947,10415
265.01318,97.239075,0.87608355,194.02654,0.21355832,10416
682.29767,145.18742,0.19689915,432.02026,0.21715245,10417
400.78207,91.69493,1.0698315,268.97833,0.45282733,10418
752.5425,137.5781,1.7594824,319.9301,0.19668534,10419
650.46045,167.58601,0.56265354,475.64447,0.27348286,10420
173.43094,74.76761,0.56187177,123.603,0.30141273,10421
574.74445,125.55794,1.2639132,223.4368,0.7750134,10422
431.93164,106.88201,1.2695094,154.01051,0.4218347,10423
319.46225,100.17149,1.101349,159.24416,0.23217335,10424
384.09988,109.882675,1.0036222,225.56926,0.45291403,10425
49.76043,38.840034,0.4187081,40.62421,0.24568759,10426
579.61273,105.67447,0.18933466,276.1102,0.24245775,10427
274.21118,85.11093,0.8413958,175.21104,0.3663837,10428
368.5905,111.334366,1.067157,223.94545,0.23849544,10429
56.622784,42.71912,0.36712566,57.03653,0.19605832,10430
822.1982,120.37057,0.975748,333.74414,0.3213608,10431
81.02973,54.87697,0.4281901,77.01599,0.1971069,10432
262.85907,96.8897,0.74665546,164.44727,0.2725077,10433
722.2752,149.74362,0.19728215,443.08783,0.24670044,10434
298.10492,104.399574,0.19119446,236.3136,0.18881185,10435
261.14804,99.5465,0.6916569,145.45816,0.20204751,10436
319.82742,89.89235,0.18126062,212.74419,0.19361767,10437
257.6423,103.81257,0.31889248,224.23488,0.19862154,10438
275.52725,93.270035,0.1957319,229.81337,0.20815352,10439
865.2434,159.86147,0.21957606,490.55765,0.26580122,10440
453.97986,133.14572,0.19140673,299.96207,0.22957721,10441
1124.3842,192.1449,0.4415795,684.66656,0.28624147,10442
767.0503,123.19751,1.461638,307.96313,0.3284402,10443
54.588074,57.596615,0.28838813,60.34427,0.1910939,10444
780.674,163.87587,0.5853037,429.7828,0.27675965,10445
308.7342,87.88992,0.3671808,229.50027,0.22788925,10446
38.539276,40.991085,0.3424196,35.728245,0.22102416,10447
507.80472,143.27696,0.50874144,370.31592,0.26200235,10448
257.16492,83.904785,0.7530968,176.74315,0.21000303,10449
606.6221,137.71632,0.20575052,451.31912,0.27557066,10450
456.75073,79.52673,1.7761186,152.94562,0.41594514,10451
264.9008,80.4155,0.99877274,167.71718,0.37968752,10452
59.961357,57.198,0.36125687,62.770752,0.18863209,10453
405.25696,126.28544,0.91991866,213.2363,0.23451498,10454
674.66205,123.967125,1.8360205,285.9957,0.3769033,10455
624.88873,114.53093,0.9932619,270.24866,0.25567895,10456
200.71129,74.4596,0.7230126,136.85406,0.35452837,10457
390.17828,126.201004,0.26209834,279.71268,0.20410052,10458
313.2511,114.509,0.25309256,207.02087,0.17072965,10459
339.5944,105.1376,1.1276585,197.16507,0.26776767,10460
471.20935,142.10648,0.72355103,323.5957,0.26050526,10461
166.269,69.83917,0.68569666,109.81957,0.3589516,10462
428.16296,105.47302,1.1671067,209.28452,0.3229978,10463
413.52316,104.05155,0.3280358,339.72168,0.2098537,10464
481.51706,140.85448,0.34311625,327.61075,0.24309321,10465
1045.5255,193.8533,0.2733027,696.14526,0.28847572,10466
404.93762,102.191345,0.8087788,208.40298,0.2258653,10467
68.02309,39.724842,0.5364607,52.50495,0.28651175,10468
561.98065,125.75807,1.7410654,267.11792,0.37858173,10469
1033.5564,203.97325,0.29577717,689.5256,0.24804522,10470
485.46136,122.33282,1.4947076,255.00735,0.3122661,10471
136.88287,76.34628,0.18295512,122.26553,0.12730604,10472
580.91254,129.34666,0.8763253,281.6668,0.30495444,10473
658.63245,164.0691,1.3035142,340.5423,0.258637,10474
633.19464,152.26367,0.8035045,378.4813,0.25202388,10475
248.83052,96.0854,0.4375387,199.29852,0.192365,10476
274.4054,105.25041,0.58006096,176.53975,0.17905456,10477
333.45938,98.207184,0.7201507,207.16666,0.2410972,10478
334.84067,98.41945,1.3258908,141.19365,0.3609457,10479
58.504147,45.293297,0.3171315,64.1821,0.17519002,10480
99.9344,49.76642,0.44472316,75.19887,0.30494902,10481
316.16718,75.92757,1.3056197,99.45587,0.35104522,10482
302.23007,96.32756,0.9003217,180.6761,0.40647727,10483
115.1402,52.26423,0.5044576,75.2821,0.43100202,10484
173.89975,88.544716,0.446618,155.16144,0.17214109,10485
255.78767,88.19868,0.35530698,207.1441,0.22623517,10486
57.314236,38.36203,0.3889032,55.216988,0.1875914,10487
70.659904,47.988823,0.449919,60.05074,0.24481119,10488
464.81805,112.04985,0.15971315,378.79553,0.22929844,10489
428.0648,112.2997,0.3243649,224.16776,0.19482352,10490
109.01696,57.14936,0.53578377,79.31132,0.33744988,10491
919.4192,150.49567,0.23910439,528.481,0.25902718,10492
319.30826,82.14942,1.0201746,170.65889,0.5018787,10493
385.7638,87.06554,1.499307,200.46634,0.27784377,10494
954.45605,176.06621,0.21822537,632.6974,0.26891312,10495
322.09766,112.85239,1.1824746,173.91795,0.30945536,10496
69.06555,66.43898,0.33947468,69.14813,0.19600561,10497
371.67358,112.37148,1.2280682,199.78737,0.26447934,10498
92.18429,50.415043,0.5183704,61.71487,0.4094596,10499
364.30753,104.37438,1.2923388,155.90512,0.29710716,10500
865.3488,153.15662,0.24535298,453.0191,0.2928948,10501
719.14325,145.4998,0.8214932,377.1255,0.25192603,10502
1209.5829,168.45723,0.69748974,584.3198,0.3100315,10503
2027.3462,231.55011,2.5190735,847.4096,0.37855014,10504
74.45295,58.047604,0.43717498,58.46596,0.3236488,10505
341.86792,69.290535,1.011158,159.53072,0.77628756,10506
927.69183,160.24654,1.4799795,465.70023,0.3060577,10507
749.0358,162.87286,0.27184063,463.36322,0.23793814,10508
396.83307,127.299675,0.26004177,253.05238,0.22739963,10509
380.5656,98.05225,0.14688033,267.76202,0.19551176,10510
433.01584,115.06285,1.3694434,168.89775,0.43383068,10511
332.01984,102.628654,0.70712525,206.778,0.22487791,10512
197.60162,97.477776,0.2093416,173.59879,0.1478115,10513
667.56,152.45941,0.41742086,433.20993,0.25735828,10514
274.45584,95.53472,0.97496593,182.88034,0.23426318,10515
304.09225,95.348595,1.1993418,129.16995,0.31577146,10516
883.6547,168.85681,0.24984002,550.6245,0.30453748,10517
408.31064,101.056946,1.8151193,168.25914,0.3100108,10518
685.37054,139.96156,1.3512067,294.94028,0.3147413,10519
379.33908,105.08302,0.7082461,207.89195,0.23527123,10520
903.8099,152.15428,0.2413229,490.46048,0.2666313,10521
442.845,102.97114,1.3553535,218.53813,0.3678104,10522
433.4773,110.49655,1.3601035,199.69337,0.35482424,10523
949.1466,157.8893,0.25942552,419.25616,0.23558322,10524
245.3154,91.98079,0.93470085,141.98697,0.26974574,10525
385.78195,112.36244,0.3403066,187.31145,0.23441008,10526
723.14166,104.54489,0.9288038,379.33456,0.24736106,10527
279.17645,128.00092,0.19147614,233.00015,0.1518874,10528
128.41109,69.00752,0.55405533,93.2292,0.38424984,10529
43.475113,44.200478,0.32412195,41.779472,0.22503199,10530
287.9677,104.2382,0.9688807,144.90234,0.21260974,10531
1053.3716,165.37411,0.25953418,562.14667,0.2832739,10532
309.982,99.83165,1.2579029,129.38931,0.31595594,10533
1014.0622,200.7161,0.21332443,721.47253,0.27278286,10534
1115.6442,120.17078,0.94283366,440.46967,0.2717065,10535
1115.343,171.04578,0.56458914,638.1962,0.30382717,10536
802.6284,158.82509,0.22252414,537.9927,0.2614208,10537
672.23816,134.37195,0.24667695,350.60553,0.25033528,10538
1471.9877,168.71472,0.82669276,769.29346,0.32298768,10539
27.845951,38.57386,0.24611989,36.14174,0.123439215,10540
312.90036,102.74528,0.7165984,239.52615,0.20554009,10541
26.20774,49.34958,0.24793409,34.963478,0.13445818,10542
338.49246,98.35745,1.0402397,164.82645,0.24718677,10543
427.97128,119.326096,1.5911375,201.71814,0.26366466,10544
353.9165,131.70587,1.0233357,146.04172,0.29530567,10545
1258.9268,157.68082,1.277549,436.68817,0.3656972,10546
198.75821,86.292816,0.22087406,161.76132,0.1767314,10547
648.5516,108.673775,0.6913451,386.6421,0.22412989,10548
293.29913,102.856316,1.0944346,161.95638,0.25809234,10549
234.36575,77.70655,0.18843174,177.00359,0.19793563,10550
58.47522,30.649694,0.40207723,40.741207,0.40922588,10551
377.89725,100.50267,1.0646201,140.06479,0.35769713,10552
1075.9133,147.34232,0.7429033,540.86017,0.32308155,10553
439.84482,123.398,1.2000171,197.49902,0.6380345,10554
447.17477,94.39841,0.50005186,249.56808,0.23878218,10555
106.06053,60.01127,0.71894324,74.45315,0.246274,10556
1672.3431,161.23471,0.7814139,712.1417,0.32224667,10557
1295.835,148.18842,0.8830146,523.9726,0.3242975,10558
693.8026,129.21729,0.23266014,470.64264,0.24068548,10559
47.51097,42.80365,0.4056938,46.730366,0.17658938,10560
96.665886,65.192566,0.3952635,91.82806,0.19861504,10561
224.93237,97.04474,0.1976513,205.98085,0.20135061,10562
1275.443,198.0304,0.6139169,740.7176,0.31473112,10563
207.39087,75.78485,0.6103841,152.28104,0.32575008,10564
457.84027,120.650734,0.6621882,257.35175,0.2408905,10565
565.3505,143.15662,0.27018332,393.4312,0.22864807,10566
344.1141,101.341965,1.2989615,215.19157,0.26374316,10567
65.39442,32.430534,0.46737733,46.41757,0.31617504,10568
489.27945,155.89082,0.19556826,456.4648,0.23180303,10569
285.8756,66.82916,1.1486892,139.33081,0.5456469,10570
280.57114,73.38905,0.8637198,172.19585,0.42008954,10571
806.91797,107.20764,1.7905114,296.82797,0.31860408,10572
240.88022,106.55835,0.7835421,186.31543,0.20731996,10573
268.20145,109.371605,0.46388263,222.0974,0.2026003,10574
225.40413,103.10591,0.62214655,144.32373,0.20989421,10575
373.74332,85.60881,1.2232453,182.85399,0.26249272,10576
116.82466,49.31855,0.6388356,72.83478,0.44328055,10577
156.02042,74.35945,0.3151308,127.343094,0.17244123,10578
806.4274,158.12367,0.8613287,468.01468,0.27239576,10579
165.04602,87.20043,0.4417911,113.25442,0.1647812,10580
1115.881,134.4092,1.0981804,467.609,0.25649992,10581
349.17502,104.09198,1.0394166,164.91168,0.31074166,10582
500.77942,104.104675,1.347536,247.96526,0.31788072,10583
753.3184,122.22977,0.20827222,432.06488,0.31108576,10584
333.84753,88.7383,0.9843385,160.72874,0.3158461,10585
642.0194,152.09175,0.13863988,402.4522,0.22898996,10586
562.9902,101.40781,1.7629298,179.88852,0.3729763,10587
275.29507,64.69552,1.1636981,85.415016,0.3890632,10588
296.1959,97.220856,0.15520972,219.88672,0.1754662,10589
446.49103,106.12056,1.1967399,169.93687,0.3342798,10590
197.80261,87.40766,0.7746488,120.53152,0.19089493,10591
83.85875,64.44518,0.33617625,92.01422,0.15877984,10592
990.3884,183.59268,0.24842991,663.57056,0.30078918,10593
86.24781,56.705532,0.4551778,68.99849,0.28930688,10594
234.17307,100.036964,1.073519,115.46699,0.20039202,10595
326.1441,137.11209,0.22027834,289.66345,0.18887107,10596
241.11116,87.08861,0.6980717,170.55788,0.31040782,10597
538.4106,88.25403,1.9219117,183.66402,0.3908655,10598
393.09796,96.16751,1.3028336,188.57924,0.32628742,10599
520.4399,151.25414,0.13556707,343.26962,0.14928778,10600
56.355274,49.73806,0.32624555,54.442493,0.21932201,10601
254.06483,110.264885,0.8333124,146.5851,0.18818583,10602
837.0059,143.84177,0.4478997,435.044,0.2896381,10603
467.5298,145.83902,0.21228659,323.35046,0.20062892,10604
1002.6416,180.03546,0.26059553,645.2965,0.277111,10605
57.798695,45.030884,0.40805906,55.102844,0.18707253,10606
439.02435,111.55289,1.38927,195.88004,0.23655938,10607
387.86316,124.7242,0.8257493,190.86871,0.22575822,10608
240.3323,116.315636,0.2374311,207.78465,0.19501564,10609
239.9342,109.619415,0.17249233,208.08519,0.15358064,10610
180.10622,73.26038,0.4232544,124.904045,0.18732414,10611
457.7981,124.74533,0.37589955,276.45312,0.2266376,10612
339.09735,110.47441,0.87740123,210.63757,0.26839146,10613
125.0641,52.643547,0.5378928,99.75648,0.2685209,10614
377.52484,99.725464,1.1321405,189.9116,0.28415686,10615
208.63013,93.98768,0.663832,143.31934,0.19774891,10616
594.22217,119.23427,1.2600726,283.84808,0.29808727,10617
494.502,117.639496,0.19844177,330.86127,0.24526004,10618
395.15222,95.833786,1.2735345,204.86871,0.2946531,10619
353.2929,99.84879,1.1529858,186.07512,0.3421423,10620
838.202,141.84937,0.19423375,496.681,0.24541393,10621
1437.26,203.7186,1.0797639,705.02734,0.3644815,10622
616.67285,97.26541,1.5297157,220.41023,0.3387022,10623
621.41724,124.21118,1.9772223,182.15108,0.3048263,10624
245.30678,56.183006,1.3173456,90.695175,0.21367863,10625
1258.4934,190.91882,0.6275311,644.4081,0.33069465,10626
472.84464,72.337944,1.4542167,179.9252,0.6731576,10627
283.51712,104.6455,0.44723654,232.10292,0.2079638,10628
142.46873,65.579575,0.5192613,85.552666,0.4161128,10629
1290.6202,165.04138,1.7233299,583.0914,0.30226207,10630
176.06848,50.462887,0.7365863,114.729355,0.35219574,10631
1163.5531,181.63057,0.49125412,679.5044,0.2795311,10632
720.25366,124.40781,1.388762,351.12857,0.34970412,10633
508.81943,125.75006,0.567139,381.65533,0.23764119,10634
307.54092,90.96958,1.0212425,183.95663,0.24089804,10635
1285.9076,153.71086,1.0765629,527.4074,0.31349513,10636
305.2285,99.763405,0.858801,164.20029,0.21929698,10637
384.02014,97.0121,1.0519665,242.98799,0.34367993,10638
1142.8999,153.9624,0.6631697,565.30865,0.31342,10639
267.73822,100.588936,1.1272409,147.03125,0.22233936,10640
375.09915,74.9493,1.2151402,187.99095,0.52620226,10641
826.8817,141.5528,1.1175648,337.62448,0.2794752,10642
408.86868,89.8991,1.2093353,139.19444,0.2780707,10643
546.3192,124.223404,0.3696695,310.21786,0.22615087,10644
1047.4824,154.87703,1.272482,456.20242,0.2851873,10645
602.91345,135.40073,1.6069058,281.78137,0.32253188,10646
651.6298,148.51239,0.6572938,363.08252,0.23700185,10647
474.00986,97.73428,1.7951882,177.6016,0.47817832,10648
283.73257,92.73612,1.0863231,133.42812,0.20648849,10649
385.60828,101.12833,1.2569109,158.15234,0.41343987,10650
101.39129,61.017525,0.5134361,74.84019,0.338114,10651
441.9741,116.77342,1.1837771,226.04597,0.32422888,10652
375.39725,82.901344,1.1977837,221.13658,0.36802605,10653
667.5717,147.61668,0.2135249,450.62332,0.2459511,10654
203.2302,93.26187,0.5602434,145.87369,0.18654987,10655
868.0297,152.09462,0.29597202,473.4216,0.26572892,10656
263.90994,76.98685,0.65659285,176.42935,0.5678627,10657
396.59225,112.20048,0.26994887,216.99124,0.22263892,10658
242.50854,86.23851,0.2838894,161.64003,0.16320236,10659
380.16055,111.00752,0.49499738,238.62283,0.2121232,10660
38.479668,32.80775,0.31068307,33.69273,0.28226444,10661
309.3974,98.32422,0.87409747,220.43666,0.18570359,10662
961.00525,148.37955,0.20950304,584.4278,0.28576812,10663
292.46185,110.01998,0.2421862,219.03542,0.21365449,10664
387.44025,98.15163,0.97904325,219.61368,0.2352874,10665
242.6287,113.541115,0.19289067,221.65076,0.16746598,10666
383.6853,105.713196,1.214095,160.87622,0.21519598,10667
170.5502,93.26494,0.27395147,136.39235,0.1616467,10668
862.30493,114.997025,1.3810891,372.33286,0.26023337,10669
92.078995,51.059776,0.5168768,65.73671,0.34125823,10670
361.9336,109.09866,0.5523028,290.60687,0.1895468,10671
476.16943,141.21002,0.944327,223.29115,0.24021344,10672
176.6184,98.64095,0.26927087,180.31357,0.17757633,10673
501.06213,147.47469,0.8744613,341.24945,0.26100796,10674
886.3613,166.68837,0.23714504,590.71893,0.27420896,10675
1441.5652,171.27034,0.41629842,617.5169,0.2627875,10676
315.56363,125.84015,0.8539851,203.11742,0.24254476,10677
432.07465,95.33713,0.72369415,263.09238,0.22947687,10678
174.04384,67.05604,0.79050016,107.0642,0.36768347,10679
1411.2181,202.6719,0.9807848,705.3002,0.3336349,10680
94.994865,52.58625,0.58050466,78.71924,0.19790569,10681
177.71388,96.048935,0.544887,135.558,0.19868746,10682
397.70654,134.28357,0.59571755,272.79025,0.27522188,10683
154.35252,70.07019,0.68181604,114.14272,0.28712448,10684
379.7264,102.86629,1.3822832,195.19302,0.2502232,10685
520.1426,171.24121,0.1723395,443.01276,0.2342371,10686
605.20123,138.36546,0.89597243,308.56982,0.24085438,10687
416.8421,99.98325,0.21064077,264.98438,0.25164235,10688
130.79115,71.91011,0.5185647,123.91373,0.20918961,10689
604.6918,133.4808,0.2103453,380.35895,0.24484342,10690
297.9686,84.89089,1.2589834,133.74963,0.23688921,10691
72.97309,57.026978,0.4060495,63.24063,0.2567735,10692
1057.0422,164.72972,1.6898488,381.55002,0.25543523,10693
320.96722,115.8709,0.84315187,222.4519,0.23431006,10694
222.78719,84.988495,0.7638348,171.2277,0.26740193,10695
271.95026,92.00857,0.12789637,259.62833,0.17439514,10696
238.87372,79.399345,0.70033765,150.99084,0.35932186,10697
985.9418,154.85022,0.2978751,572.0394,0.283588,10698
579.1318,145.8541,1.0756699,239.5795,0.26041824,10699
711.9547,141.55597,0.62673455,355.7975,0.23976722,10700
693.63995,128.265,0.19987978,507.58194,0.28316072,10701
247.19215,117.2283,0.46763894,181.65187,0.18816982,10702
50.184048,35.835728,0.346627,37.952557,0.3968149,10703
647.2794,147.88716,0.23182571,465.1215,0.25047505,10704
604.42773,152.3432,0.25496224,426.2121,0.23623069,10705
31.102085,29.789059,0.33162123,26.488504,0.26750746,10706
461.08066,124.07964,0.20141047,306.52975,0.21793051,10707
428.80966,101.76809,1.4263047,157.96144,0.40248865,10708
282.65756,96.62988,1.0508491,165.29112,0.43460304,10709
522.85925,109.7014,1.6789328,251.5752,0.36979392,10710
437.32556,118.947464,0.18404518,359.36765,0.22733946,10711
492.90424,110.5529,1.0440425,191.8376,0.23978133,10712
144.74812,47.0856,0.76585543,94.15334,0.33694825,10713
61.896957,39.794346,0.57405066,48.993793,0.20623907,10714
499.9575,103.66365,1.3817507,263.67075,0.23925993,10715
42.406254,37.88843,0.28055054,47.59076,0.17420006,10716
723.7822,145.70963,0.83510935,395.51862,0.29350632,10717
928.19226,146.89018,0.86839974,538.8568,0.25461364,10718
1085.337,164.16623,0.24371861,607.255,0.28470454,10719
117.94195,45.79731,0.6402967,79.85169,0.31436133,10720
885.4772,140.06146,1.3075287,399.6399,0.30570197,10721
356.55087,101.1709,1.1979878,195.12564,0.39707118,10722
78.21086,57.186058,0.3953856,75.267555,0.21021836,10723
1001.13043,142.98534,1.8195494,465.4065,0.22510393,10724
358.24362,81.535706,0.949713,156.55524,0.17981923,10725
503.70627,126.34892,0.5567888,307.52078,0.24209002,10726
558.6271,139.7709,0.44172555,373.73788,0.24323532,10727
282.0252,94.93763,0.8946627,173.40134,0.28733847,10728
208.75626,86.64721,0.424774,179.55827,0.20301622,10729
345.21942,97.52391,1.5039592,135.00182,0.2741716,10730
458.74933,101.18504,1.3372545,226.63193,0.2547169,10731
724.9045,147.2226,1.1787279,346.26105,0.30258244,10732
484.00128,125.65297,0.22548562,362.0371,0.22364587,10733
1113.6813,162.03479,1.6785641,505.86517,0.32317066,10734
528.76495,135.81418,0.22022785,344.86194,0.22417997,10735
1457.296,209.05385,0.7527242,752.248,0.34262866,10736
410.28555,120.806946,1.4070568,201.3019,0.3476273,10737
27.28935,21.17527,0.33839294,23.20697,0.26231843,10738
459.6985,112.482376,0.98122394,229.10071,0.22681876,10739
337.72128,115.780685,0.23042746,296.25735,0.21634974,10740
59.70554,48.740902,0.41087368,52.572998,0.21634436,10741
1642.4658,197.91074,1.1466058,662.21,0.3418774,10742
951.9819,161.46768,0.731477,473.01935,0.266751,10743
372.33142,96.37667,1.8201613,155.05086,0.24931233,10744
341.51135,68.4882,1.472647,129.70715,0.38086677,10745
105.16053,44.802284,0.57644624,80.103874,0.28337073,10746
148.73337,56.628418,0.6350159,103.10823,0.33115217,10747
811.97943,147.06268,0.21680656,466.2027,0.2761279,10748
78.23224,40.262188,0.52803254,52.959114,0.364666,10749
55.89629,37.198254,0.39573145,56.945404,0.15379323,10750
275.64343,91.646576,0.9149942,174.61975,0.25850242,10751
88.27436,46.019424,0.5261669,63.53123,0.28743717,10752
318.2943,85.14104,1.0138775,180.46928,0.44403452,10753
1171.3651,143.6829,1.3156524,446.33173,0.24380548,10754
53.562263,39.721516,0.3532736,46.938183,0.22637728,10755
290.13928,99.09784,0.2224416,191.35596,0.17475231,10756
107.68474,59.827377,0.56061226,92.30888,0.2288718,10757
408.62674,99.708626,1.3391466,184.88979,0.43661886,10758
136.4579,73.659584,0.31672615,124.93729,0.13805796,10759
440.06357,115.858604,1.2660292,213.52025,0.51635385,10760
670.343,139.4049,0.25593317,451.52625,0.3067913,10761
82.161545,43.00136,0.406432,77.00533,0.22712538,10762
65.14352,42.93679,0.49600267,45.026882,0.32710353,10763
40.775795,43.08609,0.35205567,43.53211,0.15801623,10764
228.35109,69.193184,0.9525323,121.21893,0.47231865,10765
346.23593,101.088745,1.0966128,170.27759,0.23032594,10766
414.09503,91.28664,0.14658953,309.3934,0.2182769,10767
328.06183,109.53061,0.25638756,290.61777,0.2005189,10768
868.6526,157.42918,0.19503117,552.8729,0.27375302,10769
283.74316,96.13758,0.73555136,170.68471,0.23415911,10770
1245.2673,171.07974,2.181555,470.59018,0.36734006,10771
369.31085,121.44324,1.1109653,226.65433,0.31222016,10772
225.34612,103.78331,0.5472737,131.96725,0.21128586,10773
294.5089,98.6431,0.9695034,167.08466,0.26688814,10774
231.957,95.96337,0.4989602,136.49658,0.16860838,10775
660.3552,99.01184,1.8803707,258.242,0.24110582,10776
95.13158,56.449257,0.41228285,87.95083,0.24594352,10777
435.43466,112.36809,0.8333378,215.25317,0.16374068,10778
855.20044,184.97977,0.2184444,472.67447,0.23639862,10779
1051.178,160.30157,0.79126215,523.4118,0.30351588,10780
1054.6719,176.15189,1.5609022,501.7491,0.33081317,10781
197.70992,68.14474,0.7719843,129.6207,0.37280378,10782
258.064,95.277756,0.31110343,179.1383,0.20122896,10783
490.78723,129.17902,0.8640485,331.5014,0.26896134,10784
379.22763,102.20689,0.8133353,183.68295,0.21280995,10785
859.25665,165.44258,0.24079487,516.3198,0.24591142,10786
354.13663,111.67941,0.75402457,199.63129,0.20866163,10787
1025.8796,199.04657,0.5055235,677.94867,0.27600506,10788
442.85837,115.43019,0.33498132,320.0899,0.24007112,10789
485.0709,129.38158,1.0717264,265.5721,0.2141945,10790
99.45766,49.284103,0.6311761,77.95872,0.22172055,10791
333.02124,77.39753,1.1598299,150.13712,0.2235022,10792
237.1107,72.17877,0.8985192,156.47665,0.34316874,10793
1445.2771,196.1207,1.0676584,772.84814,0.305372,10794
473.6765,109.366486,1.2620865,256.1507,0.2969035,10795
228.19402,63.550507,0.89413536,145.1594,0.4162571,10796
521.26385,132.86934,0.66478884,357.8543,0.23544365,10797
854.543,145.5724,0.21701284,562.27515,0.28680357,10798
1069.0522,173.29262,0.8728647,583.41473,0.27822295,10799
397.58337,105.56917,0.31018963,215.97942,0.22037005,10800
417.9073,137.9458,0.22855613,279.64264,0.20533755,10801
357.3202,106.12832,0.6753629,234.65604,0.24502447,10802
320.92007,110.84931,0.97582567,175.80148,0.26101065,10803
418.66412,104.12142,0.8941236,255.38052,0.26010138,10804
277.82648,104.94437,0.8512775,162.9774,0.27160764,10805
133.2287,58.395874,0.24214426,114.634155,0.17773445,10806
174.9728,85.334404,0.6998453,118.66699,0.36982417,10807
361.9623,117.74071,0.17719883,310.91937,0.20238921,10808
831.8245,178.6091,0.70353216,475.6991,0.24698326,10809
228.62573,59.44863,0.7910202,130.40521,0.4477162,10810
254.42165,94.53388,0.43152764,153.95547,0.18535556,10811
334.01138,83.30829,1.2437758,152.226,0.30709833,10812
77.735794,42.002625,0.54392326,50.965244,0.44256237,10813
58.859566,24.48679,0.5040366,41.29756,0.34474185,10814
1055.0077,181.53035,0.2635243,664.2559,0.2961902,10815
874.85913,119.17505,0.6332557,432.72507,0.29802495,10816
642.9404,139.14577,0.24686177,437.90668,0.27678195,10817
853.5939,129.10324,0.9635614,428.49185,0.29056543,10818
667.07166,133.01012,0.18307203,402.15805,0.22795624,10819
809.46765,135.96227,0.20204622,490.958,0.26176947,10820
1511.0879,189.34315,0.84402573,812.89526,0.31802827,10821
353.89062,136.77884,0.9455933,244.51443,0.23571615,10822
215.02281,85.35373,0.5794817,141.38248,0.19012876,10823
40.60835,47.714294,0.3572125,40.185226,0.19165331,10824
1999.6322,192.48328,1.4379413,820.25134,0.37088335,10825
291.48114,92.5174,0.87921196,199.01727,0.19695947,10826
349.67526,96.7314,1.3835218,177.1184,0.22761923,10827
86.43931,51.826393,0.4249475,76.95098,0.22670107,10828
690.38403,136.04596,0.9986338,358.41528,0.2849395,10829
230.47818,99.36334,0.62848455,145.92982,0.23778757,10830
698.42456,151.04591,0.189761,507.65994,0.26408485,10831
1409.4429,176.41695,0.6875397,716.2898,0.36077237,10832
448.23123,144.87271,0.53791624,246.86765,0.21878323,10833
193.49414,105.57711,0.26676098,199.12126,0.19260569,10834
307.9004,102.730896,0.33968312,243.88304,0.20650195,10835
501.92868,119.59134,0.63983667,323.10217,0.20839071,10836
94.56678,60.75838,0.4871242,73.15717,0.33222383,10837
750.00867,104.701675,0.9295129,372.90213,0.2533523,10838
427.34808,111.28429,1.3605078,181.50981,0.5085254,10839
91.80461,38.871468,0.5990444,59.33944,0.4360549,10840
986.41394,138.1662,1.8103031,424.22842,0.2852627,10841
363.6027,79.46516,1.3211819,168.36873,0.26639506,10842
297.6371,87.18039,1.2019848,138.49342,0.21365686,10843
746.25134,164.64206,0.24773666,521.35315,0.29231206,10844
881.0594,168.06143,0.22407743,522.1532,0.2842359,10845
514.7237,130.96689,0.18827784,395.86343,0.22669059,10846
437.4409,123.533134,0.95612204,232.56406,0.2709662,10847
79.27838,50.6972,0.41284454,71.90896,0.2307273,10848
335.92398,93.04648,0.73551434,180.11049,0.24915786,10849
271.50848,93.72529,1.1227752,133.14026,0.301243,10850
39.13481,44.116173,0.33840165,34.640038,0.25863132,10851
322.74426,84.96437,0.7810347,141.61732,0.22856781,10852
265.7329,119.44132,0.21180522,212.2298,0.15971051,10853
573.5505,116.30604,2.009342,238.84023,0.33078086,10854
919.8264,174.51906,0.87954473,558.2163,0.27008724,10855
419.22455,101.40252,1.7518775,126.56624,0.42835116,10856
225.17848,93.53605,0.46425533,152.02339,0.18661553,10857
176.05952,117.04997,0.7612186,95.78696,0.1835495,10858
66.52494,46.393127,0.45459744,53.88003,0.27484724,10859
135.7719,70.45117,0.6013229,109.15008,0.2540724,10860
71.622116,59.49519,0.3352333,73.81607,0.20200224,10861
598.6496,152.40936,0.21571404,495.98505,0.23451784,10862
726.64417,119.70081,0.17066933,382.40186,0.22598109,10863
1299.3624,150.52426,0.5592081,562.1017,0.30166945,10864
117.542694,67.58897,0.44338128,91.41676,0.27899203,10865
253.20776,80.15878,0.9072812,159.50166,0.37044412,10866
3754.0693,174.54866,3.8062932,1796.689,0.2961003,10867
326.77435,88.65332,1.5918292,156.6647,0.28561407,10868
463.02615,116.10242,1.2898798,231.86069,0.2783834,10869
325.06323,99.52814,1.1797802,150.54984,0.24433674,10870
451.1592,112.09712,1.5912733,208.61058,0.26679453,10871
413.07007,92.91916,0.14398056,248.4022,0.23419021,10872
143.25854,59.410828,0.6872455,88.32036,0.4612012,10873
404.50766,127.73608,0.35694945,274.06952,0.21057397,10874
633.8807,182.85036,0.2653743,498.39868,0.22089572,10875
289.24512,115.776634,0.8844677,192.27684,0.22521451,10876
287.7151,108.84958,0.88775265,189.32909,0.22249898,10877
576.2412,123.00109,0.2132402,395.88336,0.26773787,10878
1860.115,175.95215,1.2242119,750.1768,0.3169787,10879
404.99792,118.39304,0.772441,229.65933,0.2678461,10880
1072.2617,169.03468,0.2876728,587.84973,0.31009367,10881
358.5759,110.709785,0.79965967,254.65308,0.22502197,10882
880.82916,135.6076,0.9316647,394.92023,0.2907793,10883
37.716232,37.264603,0.30439427,41.329292,0.16383788,10884
331.8136,103.84696,0.38475177,236.5383,0.20991577,10885
537.6576,135.88144,1.4472023,302.23267,0.2821828,10886
301.1136,109.89002,0.8991786,199.71764,0.24251962,10887
285.99927,114.47608,0.19201814,271.0031,0.19392504,10888
732.3691,147.15344,0.84488267,450.3578,0.2961308,10889
518.58826,116.51314,0.2928961,315.9639,0.2110916,10890
266.1009,99.05374,0.9680417,185.95508,0.23512529,10891
360.21246,91.59872,0.1526035,297.96698,0.20301476,10892
248.88606,110.90262,0.7724396,186.6861,0.27879342,10893
1440.6598,105.952065,1.3371599,393.695,0.29904553,10894
790.6644,141.82442,0.1848072,504.54858,0.2600962,10895
327.51712,95.16324,1.3636718,179.56952,0.21564803,10896
386.64664,94.82764,0.17556663,282.41144,0.24601878,10897
476.82065,132.04126,0.63377136,242.66325,0.25613832,10898
1048.7268,156.54251,0.8510892,527.43396,0.33716404,10899
186.76605,93.68766,0.45552108,147.94437,0.20139901,10900
221.5661,105.59346,0.6460634,176.19725,0.19760945,10901
376.67056,133.69118,0.6431084,287.9494,0.22790626,10902
66.84277,47.717655,0.49904773,49.246277,0.27826795,10903
626.9992,142.92928,0.19725825,488.65567,0.2535849,10904
623.10754,120.77065,0.72129846,338.21866,0.25535715,10905
358.4358,108.5074,0.93285584,208.36203,0.22497833,10906
659.5185,158.25627,0.1991724,509.99454,0.25083643,10907
76.949646,44.030624,0.43271288,58.75378,0.29337096,10908
656.48254,132.40929,0.91821,383.93738,0.29626483,10909
384.622,107.19462,0.2650464,293.1764,0.19632429,10910
542.4376,118.66229,1.5125072,253.10236,0.426963,10911
752.4571,168.85312,0.24760781,502.58234,0.23070693,10912
444.02338,107.42095,0.7725231,300.9466,0.22982346,10913
371.94672,115.56342,0.65340286,286.57733,0.21218348,10914
74.33815,60.076874,0.37463632,71.63576,0.21972692,10915
197.5539,108.97588,0.23487997,178.95355,0.15906388,10916
408.72144,143.96709,0.22005647,379.22247,0.227888,10917
235.96692,90.53167,0.87078476,138.80504,0.26117706,10918
254.66365,98.541145,0.9805091,181.30153,0.18852644,10919
356.00067,109.98749,0.19179486,285.07547,0.20653988,10920
273.635,69.666466,0.16155636,212.12936,0.15841126,10921
282.571,96.98531,0.30653074,216.06541,0.2104634,10922
475.5086,130.92706,0.19818364,351.09055,0.2018526,10923
388.10052,97.03371,1.1246805,231.5716,0.22625493,10924
1378.6101,209.3936,0.64193976,783.42267,0.31665376,10925
52.77894,36.89329,0.4233679,38.374523,0.38909414,10926
180.38834,96.75776,0.14416276,202.63892,0.15392303,10927
300.63776,81.57054,1.223608,116.07054,0.26828873,10928
655.9828,152.26341,0.18094699,458.63425,0.23607014,10929
434.4234,128.65195,0.1795874,375.3792,0.23223935,10930
33.05688,42.317284,0.24224523,40.915302,0.15107545,10931
457.9265,139.2294,0.14537263,356.00323,0.20579107,10932
315.4556,100.97006,0.14410211,252.75502,0.16932939,10933
230.53447,76.49989,0.85087645,132.90576,0.47051013,10934
443.42413,137.77522,0.20430338,394.96118,0.2111527,10935
1721.7751,182.7948,1.1217421,753.75867,0.33523172,10936
1376.4531,198.44382,1.4201306,587.1436,0.29023403,10937
335.4054,127.666595,0.29448625,297.96564,0.20711778,10938
879.95807,165.70818,0.39250246,492.7581,0.26174647,10939
444.1802,119.21424,0.5600748,284.1173,0.28809682,10940
1726.6919,193.04634,1.3292246,784.7456,0.293139,10941
300.75317,110.27418,0.76863,222.63414,0.24471763,10942
82.50746,38.305912,0.4563333,57.526947,0.39072397,10943
243.70284,100.105896,0.2986041,194.30496,0.18678018,10944
690.82074,124.01423,0.69255304,421.99512,0.23708135,10945
105.48393,54.042828,0.50154126,83.83818,0.26232436,10946
380.9582,102.81099,1.2156459,221.51596,0.2669534,10947
484.5079,131.43654,0.22133,381.61185,0.22603716,10948
180.23114,63.218452,0.76510334,120.84952,0.33398575,10949
466.36896,130.93097,1.1966012,224.55768,0.64434516,10950
563.977,134.16458,0.49029216,363.40765,0.23731083,10951
522.51447,110.28501,0.9964564,261.63965,0.27049866,10952
972.90137,159.32663,1.1788795,419.39716,0.27506664,10953
364.30167,141.93079,0.19410916,343.75647,0.21148159,10954
140.09723,89.69701,0.172497,136.90466,0.12339416,10955
279.35983,113.016754,0.3181016,153.39703,0.15944274,10956
251.19553,68.01986,0.97528124,131.29675,0.60778606,10957
447.9041,103.114555,1.5738082,195.30164,0.25072217,10958
357.2638,115.02667,0.17645063,242.02249,0.21100855,10959
880.0567,145.04016,0.21675499,499.3709,0.25539324,10960
103.16936,53.950607,0.46946082,86.79224,0.25556695,10961
268.0902,107.06573,0.63238734,168.21664,0.17932229,10962
138.33342,60.8508,0.59801805,84.72334,0.42718714,10963
304.03806,95.994,0.5401499,204.80757,0.21824527,10964
336.52267,105.91524,0.823813,242.42549,0.30522856,10965
190.673,98.49297,0.5293761,144.78073,0.15566573,10966
372.98868,76.77584,1.2775406,180.05122,0.27584425,10967
300.22202,106.650955,0.9657853,176.16211,0.21772131,10968
752.5809,150.84778,0.19529457,525.7244,0.24213764,10969
239.82715,100.14294,0.66913104,156.03317,0.22226447,10970
679.2806,135.6475,0.5480547,368.61853,0.29643247,10971
502.51456,110.50455,0.97013617,239.79298,0.28258568,10972
1234.6072,168.24344,0.69272625,689.18646,0.27504307,10973
349.07013,96.69265,1.4441028,134.15918,0.25825524,10974
101.08986,59.88199,0.60165215,80.4459,0.24868709,10975
642.16797,107.50406,0.5893218,335.00146,0.26376575,10976
399.3335,113.479,1.4761169,127.803024,0.25032476,10977
406.9167,96.7164,1.3687375,180.8639,0.34045377,10978
334.02618,92.62549,0.4797383,194.78769,0.285789,10979
604.8821,146.2271,0.9408306,391.22668,0.29624215,10980
363.87128,111.987915,0.816528,225.14331,0.2789786,10981
355.1623,121.22913,0.2878208,271.1728,0.23437682,10982
208.45045,101.2921,0.27276897,176.64142,0.15981328,10983
797.4625,146.89078,0.5310311,482.8623,0.2896812,10984
1488.7288,180.42592,1.5299578,548.95667,0.31636345,10985
877.57764,161.1414,0.22403505,583.23566,0.25980386,10986
358.966,108.365234,0.7725922,242.9594,0.24046142,10987
368.96133,131.48808,0.18913491,331.78406,0.20510678,10988
546.1711,136.51862,0.32729307,350.42667,0.22260047,10989
780.1005,161.86331,0.33262038,568.9623,0.26312265,10990
3391.124,200.62373,2.6688862,1250.384,0.33240974,10991
302.17004,83.00621,1.0593766,171.94673,0.27192187,10992
84.52633,38.79409,0.5325039,62.883636,0.26437622,10993
210.14122,73.60727,0.7253856,105.88656,0.19300917,10994
314.97205,88.47767,0.16184585,253.34799,0.19121888,10995
265.8473,81.874756,0.93411374,168.16396,0.3697483,10996
425.78568,121.59379,1.2207774,248.70042,0.29542258,10997
169.97174,58.582905,0.72481775,115.8957,0.3065742,10998
969.7312,177.69882,0.23669134,627.2316,0.2843974,10999
