index,file,n,m,proc_time,pred_time,gt_stress,pred_stress,spc,mean_deg,max_deg,name,gviz_time
0,data/new_large_graph/cage_G_26.mtx,112,168,0.06486129760742188,0.03883934020996094,2318.052734375,2485.38671875,0.06732714193433806,3.0,3,cage_G_26,0.14775300025939941
1,data/new_large_graph/cage_G_40.mtx,114,456,0.060988187789916985,0.03827619552612305,2898.594970703125,4902.783203125,0.4087858160125089,8.0,8,cage_G_40,0.14294791221618652
2,data/new_large_graph/cage_G_41.mtx,118,531,0.08394765853881836,0.041512489318847656,2537.138916015625,4897.01953125,0.4819014096584578,9.0,9,cage_G_41,0.16332554817199707
3,data/new_large_graph/cage_G_27.mtx,126,189,0.07824349403381348,0.040038347244262695,3164.95654296875,3797.43798828125,0.1665547791074703,3.0,3,cage_G_27,0.139054536819458
4,data/new_large_graph/cage_G_42.mtx,146,657,0.12202143669128418,0.039508819580078125,3803.3408203125,5023.947265625,0.2429576547636496,9.0,9,cage_G_42,0.17107915878295898
5,data/new_large_graph/cage_G_43.mtx,182,910,0.1926708221435547,0.04533600807189941,6948.48291015625,9940.296875,0.30097833117723155,10.0,10,cage_G_43,0.21797394752502441
6,data/new_large_graph/cage_G_44.mtx,266,1596,0.3081216812133789,0.04506230354309082,16155.4150390625,26935.345703125,0.40021504765063504,12.0,12,cage_G_44,0.29308629035949707
7,data/new_large_graph/cage_G_28.mtx,272,408,0.4008469581604004,0.04207444190979004,15156.4619140625,28578.99609375,0.4696642994616211,3.0,3,cage_G_28,0.26644039154052734
8,data/new_large_graph/Trefethen_300.mtx,300,2489,0.5874359607696533,0.038830041885375984,15333.541015625,15930.546875,0.0374755407996626,16.593333333333334,18,Trefethen_300,0.4830741882324219
9,data/new_large_graph/utm300.mtx,300,2491,0.6219325065612793,0.04039120674133302,5124.2529296875,5194.6484375,0.013551544182339096,16.606666666666666,34,utm300,0.5184047222137451
10,data/new_large_graph/rajat05.mtx,301,966,0.5261423587799072,0.044262170791625984,8090.07861328125,8815.87890625,0.08232875027970216,6.418604651162791,27,rajat05,0.3852224349975586
11,data/new_large_graph/tumorAntiAngiogenesis_2.mtx,305,1441,0.5202124118804932,0.04167604446411133,15625.435546875,22917.3984375,0.3181845841058939,9.449180327868852,302,tumorAntiAngiogenesis_2,0.4674074649810791
12,data/new_large_graph/mesh2e1.mtx,306,1162,0.5293431282043457,0.04238080978393555,2318.732666015625,2627.61669921875,0.11755292668636305,7.594771241830065,11,mesh2e1,0.27845096588134766
13,data/new_large_graph/mesh2em5.mtx,306,1162,0.5540771484375,0.0415036678314209,2318.732666015625,4504.6806640625,0.485261478241057,7.594771241830065,11,mesh2em5,0.27895259857177734
14,data/new_large_graph/dwt_307.mtx,307,1415,0.5819602012634277,0.04151725769042969,7849.353515625,7312.822265625,-0.06835355917299121,9.218241042345277,10,dwt_307,0.3652834892272949
15,data/new_large_graph/cz308.mtx,308,2558,0.6633167266845703,0.0421452522277832,2413.5478515625,4763.39111328125,0.4933131052721947,16.61038961038961,29,cz308,0.4199671745300293
16,data/new_large_graph/dwt_310.mtx,310,1379,0.5782938003540039,0.039505720138549805,981.8848266601562,24558.6484375,0.9600187759045868,8.896774193548387,12,dwt_310,0.41296982765197754
17,data/new_large_graph/cavity01.mtx,317,4480,0.6743910312652588,0.04158186912536621,4443.0087890625,4577.69580078125,0.029422446920951736,28.264984227129336,63,cavity01,0.5066962242126465
18,data/new_large_graph/cavity03.mtx,317,4480,0.6520528793334961,0.04069733619689941,4443.0087890625,4594.423828125,0.032956262793085195,28.264984227129336,63,cavity03,0.4994981288909912
19,data/new_large_graph/cavity02.mtx,317,4480,0.6658811569213867,0.04370307922363281,4443.0087890625,4611.9267578125,0.036626333769038455,28.264984227129336,63,cavity02,0.49796342849731445
20,data/new_large_graph/cavity04.mtx,317,4480,0.7244398593902588,0.04066276550292969,4443.0087890625,4713.728515625,0.057432184663398014,28.264984227129336,63,cavity04,0.49686765670776367
21,data/new_large_graph/qc324.mtx,324,13527,1.1449944972991943,0.0401310920715332,8887.919921875,10369.08984375,0.14284473798515496,83.5,84,qc324,1.1629416942596436
22,data/new_large_graph/USAir97.mtx,332,2126,0.6940248012542725,0.04292440414428711,12697.20703125,13200.921875,0.03815755054985506,12.807228915662654,139,USAir97,0.8503258228302002
23,data/new_large_graph/Ecoli_10NN.mtx,336,2280,0.7075603008270264,0.043763160705566406,5931.06396484375,6346.4892578125,0.0654574956472767,13.571428571428573,26,Ecoli_10NN,0.41393375396728516
24,data/new_large_graph/cage7.mtx,340,1712,0.6588039398193359,0.04116487503051758,9881.400390625,10109.884765625,0.022600096865285583,10.070588235294117,17,cage7,0.40486979484558105
25,data/new_large_graph/gre_343.mtx,343,1435,0.6716010570526123,0.039402246475219734,5466.5732421875,6083.33837890625,0.10138596578111783,8.36734693877551,10,gre_343,0.3065226078033447
26,data/new_large_graph/hangGlider_1.mtx,360,1838,0.6890811920166016,0.04049181938171387,19807.546875,48207.828125,0.5891217745043352,10.211111111111107,320,hangGlider_1,0.6962659358978271
27,data/new_large_graph/dwt_361.mtx,361,1657,0.7595579624176025,0.04242992401123047,2978.30224609375,39443.234375,0.9244914294355772,9.18005540166205,10,dwt_361,0.411834716796875
28,data/new_large_graph/plskz362.mtx,362,880,0.7787039279937744,0.039663076400756836,1368.3155517578125,43539.6875,0.968573142566588,4.861878453038674,6,plskz362,0.6871068477630615
29,data/new_large_graph/plat362.mtx,362,3074,0.8876817226409912,0.04227590560913086,2120.244140625,2792.323974609375,0.24068834422352225,16.983425414364646,20,plat362,0.6756830215454102
30,data/new_large_graph/str_600.mtx,363,3248,0.8328931331634521,0.04757094383239746,19470.771484375,20955.365234375,0.0708455201517884,17.89531680440771,53,str_600,0.7671229839324951
31,data/new_large_graph/str_400.mtx,363,3126,0.8625864982604979,0.04020166397094727,18640.45703125,31125.73828125,0.4011240195231313,17.223140495867767,53,str_400,0.7855246067047119
32,data/new_large_graph/str_200.mtx,363,3051,0.8235058784484863,0.04116106033325195,18720.9609375,21137.86328125,0.11433995534893415,16.8099173553719,49,str_200,0.8568928241729736
33,data/new_large_graph/str_0.mtx,363,2448,0.785731315612793,0.04034566879272461,19301.392578125,22585.3515625,0.1454021636673383,13.487603305785123,41,str_0,0.6395406723022461
34,data/new_large_graph/CAG_mat364.mtx,364,10838,1.3826243877410889,0.04211187362670898,13507.6328125,14708.1337890625,0.08162157033513225,59.54945054945055,223,CAG_mat364,1.4364633560180664
35,data/new_large_graph/cage_G_45.mtx,366,2562,0.5708293914794922,0.04396629333496094,30633.880859375,35362.578125,0.13372037663402125,14.0,14,cage_G_45,0.4523179531097412
36,data/new_large_graph/dermatology_5NN.mtx,366,1220,0.769000768661499,0.051287174224853516,3506.263916015625,37755.64453125,0.9071327225492464,6.666666666666668,15,dermatology_5NN,0.6100995540618896
37,data/new_large_graph/cage.mtx,366,2562,0.5350496768951416,0.041979312896728516,30633.880859375,87173.84375,0.6485886185398931,14.0,14,cage,0.46932005882263184
38,data/new_large_graph/poisson2D.mtx,367,1392,0.8014867305755615,0.0435490608215332,631.1221923828125,49784.76171875,0.987322984572102,7.5858310626703,10,poisson2D,0.34337902069091797
39,data/new_large_graph/west0381.mtx,381,2151,0.8076210021972656,0.04123854637145996,24361.0390625,47104.734375,0.4828324713910458,11.291338582677165,57,west0381,0.7897169589996338
40,data/new_large_graph/mycielskian9.mtx,383,7271,0.548459529876709,0.0450439453125,25972.271484375,49935.7890625,0.4798866309718684,37.9686684073107,191,mycielskian9,1.0815107822418213
41,data/new_large_graph/bfwa398.mtx,398,2056,0.9660050868988036,0.041197538375854485,9069.4736328125,9289.767578125,0.02371361215012906,10.331658291457288,24,bfwa398,0.5555419921875
42,data/new_large_graph/Olivetti_norm_10NN.mtx,400,2828,1.0024454593658447,0.04269075393676758,15372.0625,15717.4013671875,0.02197175341646795,14.14,60,Olivetti_norm_10NN,0.8778324127197266
43,data/new_large_graph/odepa400.mtx,400,802,0.9538092613220216,0.04228806495666504,2508.001708984375,140719.296875,0.9821772723096236,4.01,6,odepa400,0.39499855041503906
44,data/new_large_graph/lshp_406.mtx,406,1561,0.9471352100372314,0.042542457580566406,1085.5738525390623,51381.26953125,0.9788721870354172,7.689655172413793,8,lshp_406,0.4256560802459717
45,data/new_large_graph/cage_G_29.mtx,406,609,0.8401412963867188,0.040567636489868164,33859.5703125,102771.3515625,0.6705349321799233,3.0,3,cage_G_29,0.6025419235229492
46,data/new_large_graph/tumorAntiAngiogenesis_3.mtx,410,2099,0.9090263843536376,0.04427266120910645,28568.64453125,46950.09765625,0.3915104343250085,10.239024390243902,407,tumorAntiAngiogenesis_3,0.8799717426300049
47,data/new_large_graph/problem1.mtx,415,1597,1.019741773605347,0.04460263252258302,748.5409545898438,62877.09765625,0.9880951732428536,7.696385542168675,10,problem1,0.3487553596496582
48,data/new_large_graph/dwt_419.mtx,419,1991,1.0157372951507568,0.04104781150817871,8716.916015625,5542.79248046875,-0.3641337750032993,9.503579952267305,14,dwt_419,0.6026957035064697
49,data/new_large_graph/bcsstm07.mtx,420,3836,1.1493663787841797,0.042412519454956055,4257.603515625,5935.87890625,0.2827341017448843,18.266666666666666,27,bcsstm07,0.5454280376434326
50,data/new_large_graph/bcsstk06.mtx,420,4140,1.1645612716674805,0.04322052001953125,4252.1279296875,19617.4140625,0.7832472763158052,19.714285714285715,29,bcsstk06,0.5710189342498779
51,data/new_large_graph/bcsstk07.mtx,420,4140,1.1748075485229492,0.03990077972412109,4252.1279296875,11486.955078125,0.6298298460498926,19.714285714285715,29,bcsstk07,0.5699875354766846
52,data/new_large_graph/impcol_d.mtx,425,1302,1.0327465534210205,0.04291701316833496,7744.8447265625,47348.1640625,0.8364277711731497,6.127058823529412,15,impcol_d,0.5041060447692871
53,data/new_large_graph/oscil_trans_01.mtx,430,1021,1.0167412757873535,0.04128527641296387,4749.029296875,94959.453125,0.9499888727178788,4.7488372093023274,14,oscil_trans_01,0.9968726634979248
54,data/new_large_graph/hor_131.mtx,434,2572,1.1086690425872805,0.04302215576171875,10928.3955078125,19422.255859375,0.43732614857210667,11.852534562211984,42,hor_131,0.697274923324585
55,data/new_large_graph/ex2.mtx,441,13640,1.9131851196289065,0.04043912887573242,7976.62890625,58201.46875,0.8629479791908172,61.859410430839006,126,ex2,1.321068286895752
56,data/new_large_graph/bcspwr05.mtx,443,1033,1.0627875328063965,0.0412294864654541,12305.0849609375,83125.421875,0.8519696540073951,4.663656884875847,11,bcspwr05,1.04555082321167
57,data/new_large_graph/can_445.mtx,445,2127,1.1700644493103027,0.043295621871948235,15454.263671875,15713.4658203125,0.016495542829414137,9.559550561797753,14,can_445,0.5937399864196777
58,data/new_large_graph/rdb450l.mtx,450,1515,1.1656370162963867,0.04135584831237793,4124.560546875,75175.375,0.9451341540115364,6.7333333333333325,7,rdb450l,0.4001462459564209
59,data/new_large_graph/rdb450.mtx,450,1515,1.118865966796875,0.042649030685424805,4124.560546875,73218.6015625,0.9436678595485842,6.7333333333333325,7,rdb450,0.38248395919799805
60,data/new_large_graph/celegans_metabolic.mtx,453,2040,1.1844699382781982,0.041059017181396484,25206.9140625,30282.0234375,0.16759479053553586,9.006622516556291,239,celegans_metabolic,1.351191520690918
61,data/new_large_graph/tumorAntiAngiogenesis_4.mtx,455,2433,1.1500122547149658,0.048618555068969734,35402.7421875,45252.421875,0.21766082961719926,10.694505494505494,452,tumorAntiAngiogenesis_4,1.0492134094238281
62,data/new_large_graph/tumorAntiAngiogenesis_5.mtx,460,2483,1.1954550743103027,0.04657196998596192,36194.69921875,43070.3828125,0.15963832092419947,10.795652173913043,457,tumorAntiAngiogenesis_5,0.9924793243408203
63,data/new_large_graph/tumorAntiAngiogenesis_6.mtx,465,2537,1.2131214141845703,0.04263424873352052,36982.359375,67483.734375,0.4519811371212368,10.911827956989248,462,tumorAntiAngiogenesis_6,1.1116883754730225
64,data/new_large_graph/nos5.mtx,468,2820,1.303231954574585,0.0422818660736084,15438.6552734375,16449.880859375,0.06147312522091548,12.051282051282053,24,nos5,0.7004969120025635
65,data/new_large_graph/tumorAntiAngiogenesis_7.mtx,475,2441,1.2366611957550049,0.04339122772216797,38694.953125,54679.7109375,0.2923343510497138,10.277894736842104,472,tumorAntiAngiogenesis_7,1.0788016319274902
66,data/new_large_graph/west0479.mtx,479,1897,1.3110003471374512,0.04210329055786133,31740.40625,58009.96875,0.4528456585317502,7.9206680584551155,38,west0479,1.2254080772399902
67,data/new_large_graph/rbsa480.mtx,480,16450,2.1573007106781006,0.04590344429016113,40827.26953125,79360.5625,0.4855471251070077,68.54166666666667,151,rbsa480,1.9649379253387451
68,data/new_large_graph/rbsb480.mtx,480,16443,2.1577622890472408,0.04572510719299317,39760.5390625,77401.2421875,0.4863061891670626,68.5125,149,rbsb480,1.8840174674987793
69,data/new_large_graph/tumorAntiAngiogenesis_8.mtx,490,2535,1.2978527545928955,0.04323935508728026,41198.6015625,64571.91015625,0.36197331838552815,10.346938775510203,487,tumorAntiAngiogenesis_8,1.0993072986602783
70,data/new_large_graph/494_bus.mtx,494,1080,1.3303816318511963,0.043545007705688484,18566.150390625,88944.21875,0.7912607401408537,4.372469635627532,11,494_bus,1.458195447921753
71,data/new_large_graph/rw496.mtx,496,1423,1.36905837059021,0.04238319396972656,10300.642578125,82272.40625,0.8747983309637914,5.737903225806452,7,rw496,0.7871730327606201
72,data/new_large_graph/west0497.mtx,497,1721,1.3718314170837402,0.04735112190246582,23897.71484375,24757.51171875,0.03472872737646071,6.925553319919517,57,west0497,0.8767373561859131
73,data/new_large_graph/Trefethen_500.mtx,500,4489,1.6371784210205078,0.0438222885131836,39496.0078125,55160.234375,0.2839767948774239,17.956,19,Trefethen_500,0.7828893661499023
74,data/new_large_graph/Harvard500.mtx,500,2116,1.316911697387695,0.043027639389038086,28047.791015625,29388.7890625,0.04562957813685863,8.464,200,Harvard500,1.3720698356628418
75,data/new_large_graph/olm500.mtx,500,1497,1.43536114692688,0.04375958442687988,136.60028076171878,83350.359375,0.9983611314721854,5.988,7,olm500,2.3856472969055176
76,data/new_large_graph/dwt_503.mtx,503,3265,1.5261344909667969,0.049973249435424805,7874.333984375,9737.05859375,0.1913025983607248,12.98210735586481,26,dwt_503,0.8270969390869141
77,data/new_large_graph/dw256A.mtx,512,1516,1.4462714195251465,0.04229545593261719,11944.2265625,100539.859375,0.8811990922132718,5.921875,9,dw256A,0.6188626289367676
78,data/new_large_graph/dw256B.mtx,512,1536,1.4263536930084229,0.04331064224243164,9898.1865234375,97347.265625,0.8983208571921559,6.0,10,dw256B,0.5065975189208984
79,data/new_large_graph/gre_512.mtx,512,2192,1.5670652389526367,0.04111385345458984,11972.962890625,15680.931640625,0.2364635491678101,8.5625,10,gre_512,0.6116926670074463
80,data/new_large_graph/dwb512.mtx,512,1536,1.450683832168579,0.0402524471282959,9898.1865234375,97346.6015625,0.8983201635746625,6.0,10,dwb512,0.5084624290466309
81,data/new_large_graph/dwa512.mtx,512,1516,1.434652328491211,0.040265560150146484,11944.2265625,100528.171875,0.8811852803077744,5.921875,9,dwa512,0.6161744594573975
82,data/new_large_graph/Spectro_10NN.mtx,531,3711,1.7386260032653809,0.04228901863098145,9850.873046875,13586.4794921875,0.2749502877077575,13.977401129943507,29,Spectro_10NN,1.7418241500854492
83,data/new_large_graph/fs_541_4.mtx,541,3007,0.6521236896514893,0.04368066787719727,50944.09375,64368.765625,0.20855879003816147,11.116451016635859,542,fs_541_4,1.0505425930023193
84,data/new_large_graph/fs_541_3.mtx,541,3007,0.6514837741851807,0.041776418685913086,50944.09375,78510.546875,0.3511178334917184,11.116451016635859,542,fs_541_3,1.048511266708374
85,data/new_large_graph/fs_541_2.mtx,541,3007,0.6454625129699707,0.044523954391479485,50944.09375,83433.125,0.38940206602593397,11.116451016635859,542,fs_541_2,1.0464105606079102
86,data/new_large_graph/fs_541_1.mtx,541,3007,0.6542842388153076,0.04872012138366698,50944.09375,70529.96875,0.27769578446041776,11.116451016635859,542,fs_541_1,1.0517878532409668
87,data/new_large_graph/EX1.mtx,560,4368,1.939728021621704,0.04402422904968262,52223.0390625,63186.640625,0.17351138554060452,15.6,18,EX1,0.8543262481689453
88,data/new_large_graph/spaceShuttleEntry_1.mtx,560,3605,1.6713833808898926,0.0440216064453125,49718.7109375,156364.921875,0.6820341139092198,12.875,518,spaceShuttleEntry_1,1.6044647693634033
89,data/new_large_graph/micromass_10NN.mtx,571,4834,2.074880361557007,0.04286503791809082,29050.25390625,29261.265625,0.007211298426193758,16.93169877408056,148,micromass_10NN,2.0819785594940186
90,data/new_large_graph/umistfacesnorm_10NN.mtx,575,3495,1.9524352550506592,0.042870283126831055,26375.2734375,27462.05078125,0.039573786837944686,12.156521739130435,23,umistfacesnorm_10NN,1.1952528953552246
91,data/new_large_graph/lshp_577.mtx,577,2233,1.8611855506896973,0.04226088523864746,2115.635498046875,102111.5859375,0.9792811415215724,7.740034662045063,8,lshp_577,0.5416262149810791
92,data/new_large_graph/bcsstk34.mtx,588,11003,2.692760705947876,0.04246735572814941,23200.759765625,25080.77734375,0.07495850516744412,37.42517006802722,48,bcsstk34,1.360454797744751
93,data/new_large_graph/bcsstm34.mtx,588,12429,2.700114727020264,0.04283428192138672,22469.173828125,26916.92578125,0.16523996793955012,42.275510204081634,55,bcsstm34,1.448362112045288
94,data/new_large_graph/dwt_592.mtx,592,2848,1.9917595386505127,0.04339003562927246,6045.63037109375,102035.1015625,0.9407495040577718,9.62162162162162,16,dwt_592,1.9734671115875244
95,data/new_large_graph/steam2.mtx,600,7180,2.278541088104248,0.04073953628540039,19551.646484375,107809.8125,0.8186468742409231,23.93333333333333,29,steam2,1.0492448806762695
96,data/new_large_graph/ch5-5-b3.mtx,600,2374,1.8642561435699463,0.04359602928161621,65904.09375,172481.96875,0.6179073428508741,7.913333333333332,8,ch5-5-b3,0.9981868267059326
97,data/new_large_graph/netz4504_dual.mtx,615,1171,2.05310606956482,0.0566704273223877,3905.142333984375,126772.1328125,0.9691955775504684,3.808130081300813,4,netz4504_dual,0.7551181316375732
98,data/new_large_graph/cage_G_30.mtx,620,930,2.012397050857544,0.0432579517364502,79311.796875,162327.59375,0.5114090276164154,3.0,3,cage_G_30,0.8200502395629883
99,data/new_large_graph/cz628.mtx,628,5084,2.484989643096924,0.041311025619506836,7082.83544921875,275438.59375,0.974285246839274,16.191082802547776,29,cz628,1.3404359817504883
100,data/new_large_graph/can_634.mtx,634,3931,2.352802276611328,0.043833255767822266,25398.0546875,32106.6015625,0.20894602818491625,12.4006309148265,29,can_634,0.8352975845336914
101,data/new_large_graph/GD00_c.mtx,638,1030,2.0809400081634517,0.04398846626281738,41738.66015625,155505.9375,0.7315944276645385,3.2288401253918497,57,GD00_c,2.222651958465576
102,data/new_large_graph/dynamicSoaringProblem_1.mtx,647,2865,2.1124496459960938,0.04706001281738281,49521.6015625,333186.9375,0.85136991883873,8.856259659969087,243,dynamicSoaringProblem_1,2.0759620666503906
103,data/new_large_graph/west0655.mtx,655,2846,2.369895696640014,0.043577909469604485,58551.8671875,85637.21875,0.31628014031574325,8.690076335877862,38,west0655,2.176605701446533
104,data/new_large_graph/ex21.mtx,656,9900,2.9317049980163574,0.04378485679626465,13050.4912109375,16573.57421875,0.21257231308782928,30.18292682926829,63,ex21,1.2404894828796387
105,data/new_large_graph/662_bus.mtx,662,1568,2.385040283203125,0.04441356658935547,33297.3203125,179403.03125,0.8143993438656015,4.737160120845921,11,662_bus,1.1451938152313232
106,data/new_large_graph/shl_0.mtx,663,1687,2.2354676723480225,0.04453206062316895,59503.72265625,232095.78125,0.7436242815971047,5.088989441930618,423,shl_0,2.102385997772217
107,data/new_large_graph/shl_200.mtx,663,1726,2.3226909637451167,0.04849529266357422,60498.21484375,257194.046875,0.7647759908177307,5.206636500754148,441,shl_200,2.067115306854248
108,data/new_large_graph/shl_400.mtx,663,1712,2.33841609954834,0.044646501541137695,60535.421875,175501.25,0.6550712779823505,5.164404223227753,427,shl_400,2.133632183074951
109,data/new_large_graph/nnc666.mtx,666,2558,2.4290339946746826,0.0450131893157959,9216.220703125,249090.34375,0.9630004898448618,7.681681681681683,16,nnc666,0.8492083549499512
110,data/new_large_graph/nos6.mtx,675,1965,2.506111860275269,0.046331167221069336,4927.07275390625,157724.203125,0.9687614668117775,5.822222222222222,6,nos6,0.9590127468109131
111,data/new_large_graph/fs_680_3.mtx,680,2144,2.5219190120697017,0.06500935554504395,10691.8125,161064.4375,0.9336177950517476,6.3058823529411745,15,fs_680_3,1.8448801040649414
112,data/new_large_graph/fs_680_2.mtx,680,2144,2.5247151851654053,0.06526923179626465,10691.8125,163336.765625,0.934541299020534,6.3058823529411745,15,fs_680_2,1.8445091247558594
113,data/new_large_graph/fs_680_1.mtx,680,2144,2.565861463546753,0.06527423858642578,10691.8125,162586.78125,0.9342393494858612,6.3058823529411745,15,fs_680_1,1.8419132232666016
114,data/new_large_graph/M10PI_n.mtx,682,944,2.4535913467407227,0.0653083324432373,11658.681640625,154942.09375,0.9247545882564596,2.768328445747801,8,M10PI_n,1.8966047763824463
115,data/new_large_graph/S10PI_n.mtx,682,944,2.427267074584961,0.06554937362670897,11658.681640625,154936.875,0.9247520537597972,2.768328445747801,8,S10PI_n,1.9031038284301758
116,data/new_large_graph/685_bus.mtx,685,1967,2.5289909839630127,0.07192301750183105,16600.857421875,187505.84375,0.9114648530954118,5.7430656934306565,14,685_bus,1.3013708591461182
117,data/new_large_graph/Trefethen_700.mtx,700,6677,3.0199594497680664,0.06860566139221191,85736.9375,99185.171875,0.1355871459490779,19.077142857142857,20,Trefethen_700,1.331742525100708
118,data/new_large_graph/can_715.mtx,715,3690,3.3917224407196045,0.07165217399597168,34424.390625,36852.4765625,0.06588664220115804,10.321678321678322,106,can_715,1.358464002609253
119,data/new_large_graph/msc00726.mtx,726,17622,4.191587209701538,0.07684969902038574,51637.84375,52583.953125,0.0179923592421999,48.54545454545455,89,msc00726,1.9113140106201172
120,data/new_large_graph/nos7.mtx,729,2673,2.9835729598999023,0.07758522033691406,45656.171875,355341.6875,0.8715147322110919,7.333333333333332,8,nos7,1.567018985748291
121,data/new_large_graph/dendrimer.mtx,730,31877,5.430696249008179,0.07772445678710938,48824.00390625,52080.30859375,0.06252468112085609,87.33424657534245,230,dendrimer,3.470245361328125
122,data/new_large_graph/dwt_758.mtx,758,3376,3.2756803035736084,0.09049725532531737,2119.33837890625,160034.21875,0.9867569673819759,8.907651715039579,12,dwt_758,2.513364553451538
123,data/new_large_graph/fs_760_3.mtx,760,4278,3.324967384338379,0.08377480506896973,21827.03125,435563.125,0.9498877889398925,11.257894736842106,25,fs_760_3,3.0967371463775635
124,data/new_large_graph/fs_760_2.mtx,760,4278,3.3021256923675537,0.08342528343200684,21827.03125,171904.25,0.8730279719669526,11.257894736842106,25,fs_760_2,3.1093993186950684
125,data/new_large_graph/fs_760_1.mtx,760,4278,3.3847341537475586,0.08356547355651855,21827.03125,234495.640625,0.906919245100572,11.257894736842106,25,fs_760_1,3.150540828704834
126,data/new_large_graph/mycielskian10.mtx,767,22196,2.064142227172852,0.08544039726257324,105539.296875,226163.765625,0.5333501076826175,57.87744458930899,383,mycielskian10,3.7041587829589844
127,data/new_large_graph/qh768.mtx,768,1774,3.1101872920989986,0.08659601211547853,28019.109375,225363.53125,0.8756715018637249,4.619791666666667,13,qh768,1.5291519165039062
128,data/new_large_graph/Si2.mtx,769,9285,3.709416389465332,0.11879539489746095,80164.609375,243660.453125,0.6709986854786204,24.148244473342004,62,Si2,2.308142900466919
129,data/new_large_graph/lshp_778.mtx,778,3025,3.317079544067384,0.1106882095336914,3749.9482421875,194049.796875,0.9806753302369954,7.776349614395888,8,lshp_778,1.2808010578155518
130,data/new_large_graph/bfwa782.mtx,782,4176,3.505425453186035,0.11199593544006348,21162.748046875,31612.75,0.3305628884904034,10.680306905370843,25,bfwa782,2.1218020915985107
131,data/new_large_graph/G9.mtx,800,19176,5.292426586151123,0.1170952320098877,129895.1953125,252343.140625,0.4852438033751289,47.94,75,G9,3.29185152053833
132,data/new_large_graph/G8.mtx,800,19176,5.2861692905426025,0.11688494682312013,130403.59375,187986.875,0.306315434255716,47.94,69,G8,3.0649302005767822
133,data/new_large_graph/G10.mtx,800,19176,5.284569025039673,0.12779641151428225,129747.4609375,229939.65625,0.4357325610836213,47.94,70,G10,3.1110732555389404
134,data/new_large_graph/rdb800l.mtx,800,2720,3.4293761253356934,0.11704134941101076,10884.474609375,229233.625,0.9525179841771686,6.8,7,rdb800l,0.7994499206542969
135,data/new_large_graph/G11.mtx,800,1600,3.3003635406494136,0.11677312850952147,13295.666015625,630131.5,0.9789001723995308,4.0,4,G11,1.6995327472686768
136,data/new_large_graph/G13.mtx,800,1600,3.3332083225250244,0.1170186996459961,70943.03125,393269.625,0.8196071429366049,4.0,4,G13,1.1080682277679443
137,data/new_large_graph/G12.mtx,800,1600,3.3471372127532963,0.11657929420471193,36443.421875,558532.0,0.9347514164363008,4.0,4,G12,1.212357759475708
138,data/new_large_graph/G16.mtx,800,4672,3.4829015731811523,0.11690449714660645,105799.796875,385856.4375,0.7258052825022518,11.68,123,G16,3.153292179107666
139,data/new_large_graph/G17.mtx,800,4667,3.4404258728027344,0.11749505996704104,105278.3671875,393828.4375,0.7326796209643952,11.6675,143,G17,3.1512839794158936
140,data/new_large_graph/G15.mtx,800,4661,3.5096256732940674,0.12761187553405762,104886.1328125,386629.15625,0.7287164428316443,11.6525,153,G15,3.1636667251586914
141,data/new_large_graph/G14.mtx,800,4694,3.410119771957397,0.11684036254882812,107490.703125,384038.375,0.7201042652964043,11.735,132,G14,3.0696117877960205
142,data/new_large_graph/G19.mtx,800,4661,3.4576215744018555,0.11685848236083984,104886.1328125,386818.15625,0.7288489924327329,11.6525,153,G19,3.1468238830566406
143,data/new_large_graph/G18.mtx,800,4694,3.5328485965728764,0.11704826354980467,107490.703125,384200.03125,0.7202220344041161,11.735,132,G18,3.0961508750915527
144,data/new_large_graph/G20.mtx,800,4672,3.4152748584747314,0.11704540252685547,105799.796875,385907.0625,0.7258412525813777,11.68,123,G20,3.1438772678375244
145,data/new_large_graph/G21.mtx,800,4667,3.479823589324951,0.11690115928649902,105278.3671875,393811.5,0.7326681237406729,11.6675,143,G21,3.132899522781372
146,data/new_large_graph/G5.mtx,800,19176,5.3164188861846915,0.12733840942382812,129747.4609375,197837.390625,0.34417118762228416,47.94,70,G5,3.0577964782714844
147,data/new_large_graph/G4.mtx,800,19176,5.311654090881348,0.11690950393676758,129895.1953125,230345.703125,0.4360858763577164,47.94,75,G4,3.309044599533081
148,data/new_large_graph/G6.mtx,800,19176,5.3110225200653085,0.11731886863708495,129981.5546875,260688.59375,0.501391477019696,47.94,67,G6,3.095850944519043
149,data/new_large_graph/G7.mtx,800,19176,5.311705589294434,0.11714529991149902,129959.0390625,200154.546875,0.3507065360665442,47.94,66,G7,3.3285024166107178
150,data/new_large_graph/G3.mtx,800,19176,5.357859611511231,0.12746953964233398,130403.59375,214859.0,0.3930736261920608,47.94,69,G3,3.0082550048828125
151,data/new_large_graph/G2.mtx,800,19176,5.243282079696655,0.11683893203735353,129959.0390625,208958.96875,0.3780643164544714,47.94,66,G2,3.332534074783325
152,data/new_large_graph/G1.mtx,800,19176,5.3981335163116455,0.1173880100250244,129981.5546875,227327.140625,0.4282180546936177,47.94,67,G1,3.113874673843384
153,data/new_large_graph/bcsstk19.mtx,817,3835,3.73442006111145,0.1474602222442627,5407.5068359375,290681.03125,0.9813971114224967,9.388004895960831,12,bcsstk19,3.704930305480957
154,data/new_large_graph/bp_0.mtx,822,3261,3.4950242042541504,0.1628432273864746,92772.796875,281335.34375,0.6702412301333895,7.934306569343065,267,bp_0,3.4818315505981445
155,data/new_large_graph/bp_1400.mtx,822,4765,3.983341693878174,0.14940476417541504,103284.734375,307838.375,0.6644838890700355,11.59367396593674,312,bp_1400,3.5919342041015625
156,data/new_large_graph/bp_200.mtx,822,3790,3.594013929367065,0.14894843101501465,96939.5,300177.53125,0.6770594401375603,9.221411192214113,284,bp_200,3.5649054050445557
157,data/new_large_graph/bp_1600.mtx,822,4815,3.772993564605713,0.1494741439819336,101433.3125,308406.75,0.6711054070638856,11.715328467153284,305,bp_1600,3.6045241355895996
158,data/new_large_graph/bp_600.mtx,822,4159,3.691948413848877,0.14868664741516113,100208.375,306282.0625,0.6728232329962189,10.119221411192214,303,bp_600,3.632323980331421
159,data/new_large_graph/bp_1200.mtx,822,4704,3.890669345855713,0.1557619571685791,103359.984375,310385.8125,0.6669951389128007,11.445255474452555,312,bp_1200,3.6194231510162354
160,data/new_large_graph/bp_1000.mtx,822,4639,3.7260429859161377,0.14889931678771973,101383.078125,307290.71875,0.6700743890430306,11.287104622871047,309,bp_1000,3.5977156162261963
161,data/new_large_graph/bp_400.mtx,822,4017,3.6112787723541264,0.14968299865722656,99575.453125,304399.375,0.6728789172940975,9.773722627737227,296,bp_400,3.56548810005188
162,data/new_large_graph/bp_800.mtx,822,4522,3.833848714828491,0.14910316467285156,103514.4375,307572.65625,0.6634472037856909,11.002433090024333,305,bp_800,3.4916789531707764
163,data/new_large_graph/goddardRocketProblem_1.mtx,831,4457,3.6437664031982417,0.15245389938354492,57072.1875,71658.8828125,0.2035573921891444,10.726835138387486,285,goddardRocketProblem_1,2.9229114055633545
164,data/new_large_graph/can_838.mtx,838,5424,3.9038884639739986,0.15376615524291992,34340.72265625,395085.3125,0.9130802346486874,12.94510739856802,33,can_838,1.3083374500274658
165,data/new_large_graph/ex22.mtx,839,11777,4.503845691680908,0.1689753532409668,12856.857421875,369913.8125,0.9652436405794526,28.073897497020262,63,ex22,3.6820597648620605
166,data/new_large_graph/young1c.mtx,841,2465,3.712342977523804,0.1551651954650879,8662.615234375,255309.375,0.9660701247873292,5.862068965517241,6,young1c,1.0431225299835205
167,data/new_large_graph/young2c.mtx,841,2465,3.804994821548462,0.1550276279449463,8662.615234375,264597.375,0.9672611444676086,5.862068965517241,6,young2c,1.0441696643829346
168,data/new_large_graph/young3c.mtx,841,2512,3.750664949417114,0.15511012077331546,7734.4130859375,259960.640625,0.9702477534008904,5.9738406658739605,9,young3c,1.194915533065796
169,data/new_large_graph/young4c.mtx,841,2465,3.7587871551513667,0.15489602088928225,8662.615234375,272597.4375,0.9682219491356188,5.862068965517241,6,young4c,1.049710750579834
170,data/new_large_graph/Vehicle_10NN.mtx,846,5447,4.2824482917785645,0.1572425365447998,16816.240234375,50535.75,0.6672407110931371,12.87706855791962,26,Vehicle_10NN,3.1689767837524414
171,data/new_large_graph/ex25.mtx,848,12730,4.729046583175659,0.17049312591552734,40843.4296875,29766.44140625,-0.27120612460809274,30.02358490566038,63,ex25,2.291024684906006
172,data/new_large_graph/goddardRocketProblem_2.mtx,867,4746,3.932277202606201,0.16874361038208008,61348.84375,113472.1875,0.4593490695682587,10.948096885813149,285,goddardRocketProblem_2,3.4085805416107178
173,data/new_large_graph/dwt_869.mtx,869,4077,4.099456071853639,0.1695399284362793,8437.7744140625,270921.25,0.968855250689776,9.383199079401614,15,dwt_869,2.8884787559509277
174,data/new_large_graph/dwt_878.mtx,878,4163,4.105801582336427,0.17300128936767578,20183.640625,258861.875,0.9220293037551396,9.482915717539864,11,dwt_878,2.623098373413086
175,data/new_large_graph/qh882.mtx,882,2031,4.014209985733031,0.17435956001281738,37604.90625,272518.28125,0.8620096014200882,4.605442176870747,16,qh882,4.2666356563568115
176,data/new_large_graph/orsirr_2.mtx,886,3428,4.1942386627197275,0.191939115524292,64694.0078125,92538.265625,0.3008945285978824,7.738148984198648,15,orsirr_2,1.6750853061676025
177,data/new_large_graph/gr_30_30.mtx,900,4322,4.326822757720946,0.2141022682189941,9433.771484375,300751.625,0.9686326832502568,9.604444444444443,10,gr_30_30,1.075395107269287
178,data/new_large_graph/pde900.mtx,900,2640,4.2831101417541495,0.21342849731445312,9873.046875,291820.0625,0.96616734713022,5.866666666666666,6,pde900,0.9286935329437256
179,data/new_large_graph/dwt_918.mtx,918,4151,4.5350091457366934,0.2224867343902588,19729.56640625,290034.5625,0.93197511966785,9.043572984749456,14,dwt_918,2.2137744426727295
180,data/new_large_graph/jagmesh1.mtx,936,3600,4.6905767917633066,0.239091157913208,7636.171875,406817.1875,0.9812294757703668,7.6923076923076925,8,jagmesh1,1.6810076236724854
181,data/new_large_graph/L.mtx,956,1820,4.75233006477356,0.24905967712402344,43918.0078125,342616.0625,0.871815677607059,3.807531380753138,4,L,1.295604944229126
182,data/new_large_graph/nos3.mtx,960,8402,5.276434659957887,0.2926621437072754,11836.4326171875,339123.5,0.9650969849709988,17.504166666666666,19,nos3,1.3204078674316406
183,data/new_large_graph/cdde3.mtx,961,2821,5.040462732315064,0.2820367813110352,11207.5478515625,325784.46875,0.9655982745446255,5.870967741935482,6,cdde3,1.1393921375274658
184,data/new_large_graph/cdde2.mtx,961,2821,5.031781196594238,0.2809751033782959,11207.5478515625,339084.0625,0.96694758294173,5.870967741935482,6,cdde2,1.1464455127716064
185,data/new_large_graph/dwg961b.mtx,961,5776,5.167064428329468,0.2818880081176758,7514.4638671875,442715.9375,0.983026443751672,12.020811654526534,20,dwg961b,1.7015056610107422
186,data/new_large_graph/cdde1.mtx,961,2821,4.8852386474609375,0.2814347743988037,11207.5478515625,313210.5625,0.9642172097833944,5.870967741935482,6,cdde1,1.1882777214050293
187,data/new_large_graph/cdde5.mtx,961,2821,4.967486381530762,0.2813701629638672,11207.5478515625,337767.6875,0.9668187684425482,5.870967741935482,6,cdde5,1.1761701107025146
188,data/new_large_graph/cdde4.mtx,961,2821,4.886826992034912,0.2977001667022705,11207.5478515625,325789.84375,0.9655988421168746,5.870967741935482,6,cdde4,1.1428966522216797
189,data/new_large_graph/cdde6.mtx,961,2821,4.895087718963623,0.282059907913208,11207.5478515625,365590.875,0.9693440164458084,5.870967741935482,6,cdde6,1.1385009288787842
190,data/new_large_graph/rdb968.mtx,968,3300,4.987503528594972,0.28528761863708496,15144.9384765625,348200.0,0.9565050589415208,6.8181818181818175,7,rdb968,1.1997179985046387
191,data/new_large_graph/ex27.mtx,974,20878,6.915064811706543,0.2894890308380127,43994.203125,178791.59375,0.7539358411530463,42.87063655030801,207,ex27,5.510123252868652
192,data/new_large_graph/west0989.mtx,989,3505,5.168704271316528,0.2977960109710693,128410.25,153845.375,0.16532914947881924,7.087967644084934,34,west0989,3.2173755168914795
193,data/new_large_graph/dwt_992.mtx,992,8868,6.005603790283202,0.3267643451690674,10786.5966796875,303409.875,0.9644487619933679,17.879032258064516,19,dwt_992,1.803164005279541
194,data/new_large_graph/collins_15NN.mtx,1000,8246,6.162797212600707,0.3152732849121094,3675.095458984375,436125.0625,0.9915732990947193,16.492,24,collins_15NN,5.743467569351196
195,data/new_large_graph/olm1000.mtx,1000,2997,5.468169927597046,0.3152902126312256,268.885498046875,599635.125,0.9995515848107682,5.994,7,olm1000,11.02485203742981
196,data/new_large_graph/tub1000.mtx,1000,2498,5.3976662158966064,0.3264296054840088,841.4801635742188,584179.5625,0.9985595522034816,4.996,5,tub1000,6.3359174728393555
197,data/new_large_graph/G46.mtx,1000,9990,5.3239426612854,0.31473350524902344,206643.03125,381507.1875,0.4583508829699309,19.98,35,G46,4.122607946395874
198,data/new_large_graph/G52.mtx,1000,5916,5.242579936981201,0.31407952308654785,165925.90625,591787.0,0.7196188725842237,11.832,171,G52,4.749641418457031
199,data/new_large_graph/G53.mtx,1000,5914,5.411718845367432,0.31660985946655273,165593.28125,602358.75,0.7250919302658092,11.828,136,G53,4.858778476715088
200,data/new_large_graph/G47.mtx,1000,9990,5.23737359046936,0.3351318836212158,206829.234375,384854.09375,0.4625775385168292,19.98,34,G47,3.7530572414398193
201,data/new_large_graph/G51.mtx,1000,5909,5.215195655822754,0.3145754337310791,166829.890625,613939.25,0.7282631944040066,11.818,156,G51,4.771860122680664
202,data/new_large_graph/G45.mtx,1000,9990,5.39783787727356,0.3146436214447021,206762.484375,396062.1875,0.4779544957823069,19.98,35,G45,3.9941208362579346
203,data/new_large_graph/G44.mtx,1000,9990,5.400310516357422,0.3152456283569336,205577.15625,381480.25,0.4611066857327477,19.98,37,G44,4.2220587730407715
204,data/new_large_graph/G54.mtx,1000,5916,5.294475793838501,0.326413631439209,166734.015625,612411.375,0.7277418048856457,11.832,136,G54,4.7737343311309814
205,data/new_large_graph/G43.mtx,1000,9990,5.350052118301392,0.3149209022521973,206818.78125,350920.96875,0.4106400025433077,19.98,36,G43,4.186444044113159
206,data/new_large_graph/dwt_1005.mtx,1005,4813,5.466844081878662,0.31840968132019043,21492.640625,341872.71875,0.937132624376744,9.57810945273632,28,dwt_1005,2.046558141708374
207,data/new_large_graph/dwt_1007.mtx,1007,4791,5.324442863464356,0.31990909576416016,16159.4013671875,371194.625,0.9564664995696328,9.515392254220457,11,dwt_1007,2.8936026096343994
208,data/new_large_graph/jagmesh2.mtx,1009,3937,5.416398286819458,0.3390538692474365,6191.47021484375,348864.34375,0.9822524992141912,7.803766105054509,8,jagmesh2,1.371321201324463
209,data/new_large_graph/lshp1009.mtx,1009,3937,5.431798934936523,0.3201773166656494,6191.47021484375,348717.0625,0.9822450035267668,7.803766105054509,8,lshp1009,1.3609135150909424
210,data/new_large_graph/cage8.mtx,1015,6009,5.846726417541504,0.32438087463378906,121101.421875,616563.0,0.8035862971423845,11.840394088669953,19,cage8,2.5314009189605713
211,data/new_large_graph/circuit204.mtx,1020,4769,5.720054864883423,0.328812837600708,94262.8828125,96267.3125,0.02082149834088284,9.350980392156863,21,circuit204,2.4127626419067383
212,data/new_large_graph/delaunay_n10.mtx,1024,3056,5.545103073120117,0.3186633586883545,74674.171875,506716.46875,0.8526312514388749,5.96875,12,delaunay_n10,2.1468191146850586
213,data/new_large_graph/orsirr_1.mtx,1030,3944,5.631467819213867,0.3859496116638184,79077.0078125,643815.5,0.8771744268156016,7.658252427184466,14,orsirr_1,2.185666799545288
214,data/new_large_graph/stufe.mtx,1036,1868,5.503793954849243,0.37089896202087397,46706.4921875,521395.28125,0.9104201862442536,3.6061776061776074,4,stufe,3.3666982650756836
215,data/new_large_graph/rajat04.mtx,1041,5325,5.685079097747803,0.3742783069610596,119925.953125,216615.78125,0.4463655767231872,10.230547550432275,662,rajat04,4.697045803070068
216,data/new_large_graph/radfr1.mtx,1048,12944,6.824826717376709,0.3792424201965332,79750.75,80415.828125,0.008270487794594229,24.702290076335878,54,radfr1,2.544743537902832
217,data/new_large_graph/msc01050.mtx,1050,15103,6.607687711715697,0.4033346176147461,109155.4375,435502.71875,0.74935762097352,28.767619047619053,129,msc01050,4.965112209320068
218,data/new_large_graph/can_1054.mtx,1054,6625,6.258784532546997,0.38408875465393066,47906.734375,729585.875,0.9343370862614356,12.571157495256164,36,can_1054,2.0568556785583496
219,data/new_large_graph/can_1072.mtx,1072,6758,6.357258558273315,0.4066197872161865,80147.15625,82592.03125,0.02960182675008372,12.60820895522388,36,can_1072,5.768852710723877
220,data/new_large_graph/mice_10NN.mtx,1077,6742,6.667187213897705,0.4096238613128662,102041.921875,108834.1875,0.06240930153496115,12.51996285979573,22,mice_10NN,4.437489032745361
221,data/new_large_graph/cnae9_10NN.mtx,1080,9139,6.9202611446380615,0.4250316619873047,126445.7578125,157259.0625,0.19593977095914586,16.924074074074074,221,cnae9_10NN,4.244078874588013
222,data/new_large_graph/bcsstk09.mtx,1083,9760,6.9436681270599365,0.4142506122589111,17953.5703125,630409.625,0.9715207864846608,18.02400738688827,24,bcsstk09,2.4377522468566895
223,data/new_large_graph/jagmesh3.mtx,1089,4225,6.3812406063079825,0.4570629596710205,2467.97998046875,405885.1875,0.993919512077615,7.759412304866849,8,jagmesh3,2.5502591133117676
224,data/new_large_graph/b_dyn.mtx,1089,4233,6.140070199966433,0.4576108455657959,164351.984375,169447.375,0.0300706377127412,7.774104683195594,19,b_dyn,5.112894773483276
225,data/new_large_graph/b2_ss.mtx,1089,4197,6.169465780258179,0.4731054306030274,173218.234375,172062.34375,-0.006673030868664861,7.707988980716253,19,b2_ss,4.980896949768066
226,data/new_large_graph/GD96_a.mtx,1096,1677,5.923842906951902,0.4655640125274658,137185.125,439726.375,0.6880216134408585,3.06021897810219,111,GD96_a,9.1356680393219
227,data/new_large_graph/gre_1107.mtx,1107,5664,6.93585205078125,0.471717119216919,67252.4765625,448653.59375,0.8501015538505312,10.233062330623307,13,gre_1107,2.954669713973999
228,data/new_large_graph/email.mtx,1133,5451,7.015624761581421,0.5097088813781738,170098.25,492448.125,0.6545864602489856,9.622241835834073,71,email,6.883874416351318
229,data/new_large_graph/jagmesh7.mtx,1138,4294,7.170565605163574,0.5014057159423828,64554.4921875,410517.59375,0.8427485370412336,7.546572934973638,8,jagmesh7,2.527543544769287
230,data/new_large_graph/1138_bus.mtx,1138,2596,6.7209765911102295,0.5031130313873291,80513.078125,424229.46875,0.8102133772973544,4.562390158172232,19,1138_bus,7.218437194824219
231,data/new_large_graph/jagmesh8.mtx,1141,4303,7.284961700439452,0.5187816619873047,6106.9521484375,435564.1875,0.9859792142611874,7.542506573181419,8,jagmesh8,1.697700023651123
232,data/new_large_graph/jagmesh5.mtx,1180,4465,7.851199150085449,0.5976190567016602,8473.380859375,561131.25,0.9848994671756828,7.567796610169491,8,jagmesh5,4.827868461608887
233,data/new_large_graph/S20PI_n.mtx,1182,1683,7.586908102035522,0.5975542068481445,61964.1640625,622254.0,0.9004198220300713,2.8477157360406093,12,S20PI_n,6.809267997741699
234,data/new_large_graph/M20PI_n.mtx,1182,1683,7.423573732376099,0.6154868602752686,61964.1640625,622681.75,0.9004882284369182,2.8477157360406093,12,M20PI_n,6.74919056892395
235,data/new_large_graph/Goodwin_010.mtx,1182,18124,8.955970048904417,0.5978338718414307,35835.68359375,56210.97265625,0.3624788559895967,30.66666666666667,63,Goodwin_010,4.1710638999938965
236,data/new_large_graph/cavity06.mtx,1182,18330,8.902795791625977,0.5976231098175049,35748.859375,52253.2578125,0.3158539606606466,31.01522842639594,63,cavity06,3.716099977493286
237,data/new_large_graph/cavity07.mtx,1182,18330,9.029182195663454,0.615727424621582,35748.859375,38456.4375,0.07040636889467465,31.01522842639594,63,cavity07,3.7204930782318115
238,data/new_large_graph/cavity05.mtx,1182,18330,8.67197322845459,0.5970351696014404,35748.859375,41796.9296875,0.14470130599829126,31.01522842639594,63,cavity05,3.670714855194092
239,data/new_large_graph/cavity09.mtx,1182,18330,9.041286945343018,0.598412275314331,35748.859375,39174.109375,0.0874365762144401,31.01522842639594,63,cavity09,3.722057342529297
240,data/new_large_graph/cavity08.mtx,1182,18330,9.003466606140137,0.6075999736785889,35748.859375,68936.5859375,0.4814239944024643,31.01522842639594,63,cavity08,3.672553062438965
241,data/new_large_graph/fpga_dcop_19.mtx,1220,3946,7.8383028507232675,0.6538717746734619,125051.7890625,595134.1875,0.7898763141337768,6.468852459016394,37,fpga_dcop_19,5.696936130523682
242,data/new_large_graph/fpga_dcop_31.mtx,1220,3946,7.911607503890991,0.6544430255889893,125051.7890625,835896.875,0.8503980660742391,6.468852459016394,37,fpga_dcop_31,5.762976169586182
243,data/new_large_graph/fpga_dcop_25.mtx,1220,3946,7.810947179794311,0.6645634174346924,125051.7890625,285223.625,0.5615658097659336,6.468852459016394,37,fpga_dcop_25,5.685567617416382
244,data/new_large_graph/fpga_dcop_24.mtx,1220,3946,7.837020874023437,0.6552798748016357,125051.7890625,1019518.6875,0.8773423277123599,6.468852459016394,37,fpga_dcop_24,5.6979522705078125
245,data/new_large_graph/fpga_dcop_30.mtx,1220,3946,7.817652702331543,0.6550929546356201,125051.7890625,617048.75,0.7973388827665562,6.468852459016394,37,fpga_dcop_30,5.720800876617432
246,data/new_large_graph/fpga_dcop_18.mtx,1220,3946,7.781827211380005,0.6643266677856445,125051.7890625,642149.0,0.8052604783897507,6.468852459016394,37,fpga_dcop_18,5.693529367446899
247,data/new_large_graph/fpga_dcop_26.mtx,1220,3946,7.759570598602295,0.6539857387542725,125051.7890625,301328.875,0.5849989847056642,6.468852459016394,37,fpga_dcop_26,5.742681980133057
248,data/new_large_graph/fpga_dcop_32.mtx,1220,3946,7.846106767654419,0.6548886299133301,125051.7890625,994700.0,0.8742819050341811,6.468852459016394,37,fpga_dcop_32,5.767343521118164
249,data/new_large_graph/fpga_dcop_33.mtx,1220,3946,7.7945899963378915,0.6639740467071533,125051.7890625,1142409.0,0.8905367612978364,6.468852459016394,37,fpga_dcop_33,5.712158203125
250,data/new_large_graph/fpga_dcop_27.mtx,1220,3946,7.678118467330933,0.6551203727722168,125051.7890625,1184024.5,0.8943841203771543,6.468852459016394,37,fpga_dcop_27,5.691635608673096
251,data/new_large_graph/fpga_dcop_23.mtx,1220,3946,7.620181560516357,0.6540036201477051,125051.7890625,251925.25,0.5036155007785047,6.468852459016394,37,fpga_dcop_23,5.689239740371704
252,data/new_large_graph/fpga_dcop_37.mtx,1220,3946,7.711986541748048,0.6735725402832031,125051.7890625,1221757.25,0.8976459611248471,6.468852459016394,37,fpga_dcop_37,5.6837077140808105
253,data/new_large_graph/fpga_dcop_36.mtx,1220,3946,7.623461008071897,0.6546454429626465,125051.7890625,1213816.5,0.8969763641683072,6.468852459016394,37,fpga_dcop_36,5.7323079109191895
254,data/new_large_graph/fpga_dcop_22.mtx,1220,3946,7.635178804397582,0.6544675827026367,125051.7890625,1157846.875,0.8919962632688369,6.468852459016394,37,fpga_dcop_22,5.689403057098389
255,data/new_large_graph/fpga_dcop_34.mtx,1220,3946,7.743543863296509,0.6638882160186768,125051.7890625,648890.0,0.8072835317811956,6.468852459016394,37,fpga_dcop_34,5.687916278839111
256,data/new_large_graph/fpga_dcop_20.mtx,1220,3946,7.6647493839263925,0.653975248336792,125051.7890625,822387.875,0.8479406216166551,6.468852459016394,37,fpga_dcop_20,5.685600996017456
257,data/new_large_graph/fpga_dcop_08.mtx,1220,3943,7.690550327301025,0.6536569595336914,125045.296875,890838.0,0.8596318333131276,6.463934426229508,37,fpga_dcop_08,5.714263200759888
258,data/new_large_graph/fpga_dcop_09.mtx,1220,3943,7.745635747909546,0.6712901592254639,125050.5078125,562520.25,0.7776959890555051,6.463934426229508,37,fpga_dcop_09,5.686543226242065
259,data/new_large_graph/fpga_dcop_21.mtx,1220,3946,7.788317203521728,0.6542751789093018,125051.7890625,1079982.75,0.8842094569913269,6.468852459016394,37,fpga_dcop_21,5.775489330291748
260,data/new_large_graph/fpga_dcop_35.mtx,1220,3946,7.754035234451294,0.653989315032959,125051.7890625,988023.125,0.8734323257236515,6.468852459016394,37,fpga_dcop_35,5.705392360687256
261,data/new_large_graph/fpga_dcop_46.mtx,1220,3946,7.741967439651487,0.6662862300872803,125051.7890625,801041.75,0.8438885500506059,6.468852459016394,37,fpga_dcop_46,5.757561445236206
262,data/new_large_graph/fpga_dcop_47.mtx,1220,3946,7.667802333831787,0.6535892486572266,125051.7890625,548913.875,0.7721832244402641,6.468852459016394,37,fpga_dcop_47,5.741103410720825
263,data/new_large_graph/fpga_dcop_45.mtx,1220,3946,7.7088167667388925,0.6549761295318604,125051.7890625,316084.59375,0.6043724005055213,6.468852459016394,37,fpga_dcop_45,5.6871256828308105
264,data/new_large_graph/fpga_dcop_51.mtx,1220,3946,7.586344242095947,0.6731328964233398,125051.7890625,652172.3125,0.8082534528595156,6.468852459016394,37,fpga_dcop_51,5.691286087036133
265,data/new_large_graph/fpga_dcop_50.mtx,1220,3946,7.72208046913147,0.6542870998382568,125051.7890625,939739.75,0.8669293396788845,6.468852459016394,37,fpga_dcop_50,5.753522872924805
266,data/new_large_graph/fpga_dcop_44.mtx,1220,3946,7.699412822723389,0.6543428897857666,125051.7890625,929025.4375,0.8653946555015616,6.468852459016394,37,fpga_dcop_44,5.68069052696228
267,data/new_large_graph/fpga_dcop_40.mtx,1220,3946,7.69024658203125,0.6669285297393799,125051.7890625,1060991.5,0.8821368606039728,6.468852459016394,37,fpga_dcop_40,5.695646286010742
268,data/new_large_graph/fpga_dcop_41.mtx,1220,3946,7.532450199127197,0.6547834873199463,125051.7890625,545174.6875,0.770620698411461,6.468852459016394,37,fpga_dcop_41,5.675416469573975
269,data/new_large_graph/fpga_dcop_43.mtx,1220,3946,7.721975564956665,0.6551616191864014,125051.7890625,968748.125,0.8709140324142562,6.468852459016394,37,fpga_dcop_43,5.676651477813721
270,data/new_large_graph/fpga_dcop_42.mtx,1220,3946,7.775382995605469,0.6745696067810059,125051.7890625,1254852.25,0.9003454079454374,6.468852459016394,37,fpga_dcop_42,5.739065885543823
271,data/new_large_graph/fpga_dcop_49.mtx,1220,3946,7.730986595153809,0.6549246311187744,125051.7890625,484014.0625,0.7416360416955861,6.468852459016394,37,fpga_dcop_49,5.691955089569092
272,data/new_large_graph/fpga_dcop_48.mtx,1220,3946,7.67928147315979,0.6555962562561035,125051.7890625,1163336.625,0.8925059296035659,6.468852459016394,37,fpga_dcop_48,5.684082508087158
273,data/new_large_graph/fpga_dcop_38.mtx,1220,3946,7.566620826721191,0.6614091396331787,125051.7890625,1096309.0,0.8859338114869987,6.468852459016394,37,fpga_dcop_38,5.704033374786377
274,data/new_large_graph/fpga_dcop_10.mtx,1220,3940,7.674864530563354,0.6553397178649902,125064.546875,575262.125,0.7825955482902686,6.459016393442623,37,fpga_dcop_10,5.374897241592407
275,data/new_large_graph/fpga_dcop_04.mtx,1220,3940,7.73160982131958,0.65464186668396,125064.359375,701941.875,0.8218308896659,6.459016393442623,37,fpga_dcop_04,5.781322240829468
276,data/new_large_graph/fpga_dcop_05.mtx,1220,3916,7.634233713150022,0.6696748733520508,149122.796875,1035404.9375,0.8559763514021296,6.419672131147541,37,fpga_dcop_05,4.755251169204712
277,data/new_large_graph/fpga_dcop_11.mtx,1220,3946,7.574187994003296,0.6539938449859619,125051.7890625,737017.5,0.8303272458761155,6.468852459016394,37,fpga_dcop_11,5.776484966278076
278,data/new_large_graph/fpga_trans_01.mtx,1220,4268,7.715291738510133,0.6540801525115967,130607.59375,615545.375,0.7878180893650609,6.996721311475412,51,fpga_trans_01,5.05492639541626
279,data/new_large_graph/fpga_dcop_39.mtx,1220,3946,7.7300353050231925,0.6677429676055908,125051.7890625,995520.375,0.8743855051058096,6.468852459016394,37,fpga_dcop_39,5.6825807094573975
280,data/new_large_graph/fpga_dcop_07.mtx,1220,3919,7.681844234466553,0.6573524475097656,138515.3125,1036581.0,0.8663729004293924,6.424590163934426,37,fpga_dcop_07,6.47399115562439
281,data/new_large_graph/fpga_dcop_13.mtx,1220,3946,7.600695848464966,0.654170036315918,125051.7890625,951769.625,0.8686112838886826,6.468852459016394,37,fpga_dcop_13,5.701555013656616
282,data/new_large_graph/fpga_dcop_12.mtx,1220,3946,7.606271266937256,0.6727414131164551,125051.7890625,532807.125,0.7652963273295191,6.468852459016394,37,fpga_dcop_12,5.730624437332153
283,data/new_large_graph/fpga_dcop_06.mtx,1220,3922,7.800471544265747,0.6551752090454102,133333.53125,1120342.25,0.8809885717958061,6.429508196721313,37,fpga_dcop_06,6.844415903091431
284,data/new_large_graph/fpga_trans_02.mtx,1220,4268,7.519200563430786,0.6544027328491211,130607.59375,612967.25,0.7869256575290116,6.996721311475412,51,fpga_trans_02,5.069847106933594
285,data/new_large_graph/fpga_dcop_02.mtx,1220,3946,7.6781156063079825,0.6752946376800537,125051.7890625,435380.875,0.7127761088208112,6.468852459016394,37,fpga_dcop_02,5.688191890716553
286,data/new_large_graph/fpga_dcop_16.mtx,1220,3946,7.610484600067139,0.6546628475189209,125051.7890625,737920.0,0.8305347611360309,6.468852459016394,37,fpga_dcop_16,5.817709445953369
287,data/new_large_graph/fpga_dcop_17.mtx,1220,3946,7.652393341064452,0.6552019119262695,125051.7890625,1257676.5,0.9005691932205937,6.468852459016394,37,fpga_dcop_17,5.715450286865234
288,data/new_large_graph/fpga_dcop_03.mtx,1220,3946,7.628483533859253,0.6761410236358643,125051.7890625,807820.0625,0.8451984608113147,6.468852459016394,37,fpga_dcop_03,5.730652093887329
289,data/new_large_graph/fpga_dcop_15.mtx,1220,3946,7.752561807632446,0.6553428173065186,125051.7890625,1232315.25,0.8985228909059594,6.468852459016394,37,fpga_dcop_15,5.735033988952637
290,data/new_large_graph/fpga_dcop_01.mtx,1220,3946,7.622671842575072,0.6553306579589844,125051.7890625,268517.625,0.5342883393129222,6.468852459016394,37,fpga_dcop_01,5.731981039047241
291,data/new_large_graph/fpga_dcop_29.mtx,1220,3946,7.6758973598480225,0.6671261787414551,125051.7890625,649198.125,0.8073749996389777,6.468852459016394,37,fpga_dcop_29,5.703532695770264
292,data/new_large_graph/fpga_dcop_28.mtx,1220,3946,7.771334886550902,0.6553142070770264,125051.7890625,730204.875,0.8287442424121039,6.468852459016394,37,fpga_dcop_28,5.703505992889404
293,data/new_large_graph/fpga_dcop_14.mtx,1220,3946,7.934709787368772,0.6543574333190918,125051.7890625,672792.0,0.8141300891471659,6.468852459016394,37,fpga_dcop_14,5.733057737350464
294,data/new_large_graph/bcsstm27.mtx,1224,28675,11.303904056549072,0.681257963180542,15366.19921875,1061809.0,0.9855282831293104,46.854575163398685,55,bcsstm27,6.158470869064331
295,data/new_large_graph/bcsstk27.mtx,1224,28675,10.994739770889282,0.6598954200744629,15366.19921875,673078.875,0.9771702845097464,46.854575163398685,55,bcsstk27,6.171181678771973
296,data/new_large_graph/pores_2.mtx,1224,7046,8.535640954971312,0.6751809120178223,77471.78125,400218.9375,0.8064264981214189,11.513071895424837,31,pores_2,4.4133992195129395
297,data/new_large_graph/dwt_1242.mtx,1242,5834,8.480634212493896,0.7195327281951904,60321.5546875,527397.0,0.8856240086926926,9.394524959742352,13,dwt_1242,8.370070219039917
298,data/new_large_graph/rdb1250.mtx,1250,4275,8.24804162979126,0.728405237197876,23766.10546875,559764.5,0.9575426711255358,6.84,7,rdb1250,1.7063560485839844
299,data/new_large_graph/rdb1250l.mtx,1250,4275,8.370243787765503,0.7398815155029297,23766.10546875,559775.0625,0.9575434722607888,6.84,7,rdb1250l,1.7049140930175781
300,data/new_large_graph/mahindas.mtx,1258,7619,8.508330821990969,0.7422668933868408,196794.8125,295568.4375,0.3341819100694742,12.112877583465819,206,mahindas,8.871371507644653
301,data/new_large_graph/cz1268.mtx,1268,10260,9.658050537109377,0.7528231143951416,24864.1328125,943188.5625,0.9736382163640792,16.182965299684547,29,cz1268,4.798979759216309
302,data/new_large_graph/lshp1270.mtx,1270,4969,8.747833013534546,0.7694559097290039,9669.431640625,547132.0,0.9823270588438896,7.8251968503937,8,lshp1270,2.5465493202209473
303,data/new_large_graph/coater1.mtx,1348,13771,11.30073618888855,0.9248208999633788,69298.9140625,71502.21875,0.03081449395582567,20.431750741839767,56,coater1,2.8569209575653076
304,data/new_large_graph/jagmesh9.mtx,1349,5225,9.962365627288818,0.9268372058868408,18230.73046875,615273.875,0.9703697309287672,7.746478873239437,8,jagmesh9,2.2802212238311768
305,data/new_large_graph/rail_1357.mtx,1357,5171,10.133524656295775,1.0114097595214844,8510.9375,419902.25,0.9797311457607096,7.6212232866617535,12,rail_1357,9.789701461791992
306,data/new_large_graph/rail_1357_E.mtx,1357,5177,10.346977710723877,0.9987955093383788,8677.73828125,499337.875,0.9826215099720804,7.630066322770817,12,rail_1357_E,9.95557165145874
307,data/new_large_graph/nnc1374.mtx,1374,5446,10.078579187393187,1.0332109928131104,36697.875,589525.125,0.9377501086149636,7.92721979621543,16,nnc1374,3.200451374053955
308,data/new_large_graph/jagmesh6.mtx,1377,5185,10.486763954162598,1.029214859008789,9312.181640625,763422.0,0.9878020522848108,7.530864197530862,8,jagmesh6,8.574309587478638
309,data/new_large_graph/Binaryalphadigs_10NN.mtx,1404,9696,11.566304445266724,1.0938713550567627,261412.0,308611.5625,0.1529416529881313,13.811965811965814,31,Binaryalphadigs_10NN,5.392646074295044
310,data/new_large_graph/ex23.mtx,1409,22556,12.998605728149414,1.0916481018066406,41971.234375,116107.8984375,0.6385152522798198,32.01703335699077,68,ex23,3.8802366256713867
311,data/new_large_graph/spaceShuttleEntry_2.mtx,1428,12444,11.422853946685793,1.1326947212219238,332222.0,417954.75,0.2051244781881292,17.428571428571427,1324,spaceShuttleEntry_2,8.975385665893555
312,data/new_large_graph/spiral_E.mtx,1434,569583,112.20072245597841,1.160426139831543,230165.09375,258771.8125,0.11054804800271667,794.3974895397487,1435,spiral_E,48.38970685005188
313,data/new_large_graph/jagmesh4.mtx,1440,5472,11.169250965118408,1.1596627235412598,16689.8515625,1253512.25,0.9866855297485126,7.6,8,jagmesh4,5.4718263149261475
314,data/new_large_graph/msc01440.mtx,1440,23855,14.674316644668579,1.1491942405700684,101753.6640625,1227221.5,0.9170861461745088,33.13194444444444,46,msc01440,6.086463689804077
315,data/new_large_graph/bcspwr06.mtx,1454,3377,12.405628442764282,1.236992597579956,105529.9921875,834062.4375,0.8734747095147778,4.6451169188445665,14,bcspwr06,5.225310325622559
316,data/new_large_graph/lhr01.mtx,1477,18524,13.956944465637207,1.2932214736938477,270724.84375,265901.21875,-0.017817444949582692,25.0832769126608,69,lhr01,8.499080657958984
317,data/new_large_graph/yeast_30NN.mtx,1484,31175,17.394781351089478,1.3080768585205078,228894.703125,230908.3125,0.008720384957990629,42.01482479784367,75,yeast_30NN,5.343958854675293
318,data/new_large_graph/comsol.mtx,1500,49619,21.578575134277344,1.328608512878418,101500.484375,523138.0,0.8059776113090619,66.15866666666666,181,comsol,14.619046926498413
319,data/new_large_graph/west1505.mtx,1505,5442,12.13338041305542,1.3485448360443115,301333.65625,452434.8125,0.3339733196370693,7.231893687707641,34,west1505,10.821658372879028
320,data/new_large_graph/mycielskian11.mtx,1535,67355,7.92508339881897,1.397913694381714,422516.90625,551483.125,0.2338534270654247,87.75895765472313,767,mycielskian11,12.9243905544281
321,data/new_large_graph/GD06_Java.mtx,1538,7817,13.20788025856018,1.4663166999816897,295070.25,897015.4375,0.6710533200829111,10.16514954486346,755,GD06_Java,14.49983286857605
322,data/new_large_graph/lshp1561.mtx,1561,6121,13.364266157150269,1.5329833030700684,14448.02734375,840458.0,0.9828093404503854,7.842408712363869,8,lshp1561,3.0795631408691406
323,data/new_large_graph/dynamicSoaringProblem_2.mtx,1591,8241,13.183473348617554,1.598966121673584,309322.65625,1125656.375,0.7252068543120008,10.359522313010686,597,dynamicSoaringProblem_2,14.219331502914429
324,data/new_large_graph/semeion_10NN.mtx,1593,11113,14.840107440948485,1.6023511886596682,295182.75,306180.15625,0.03591808948265242,13.952291274325173,35,semeion_10NN,6.530095815658569
325,data/new_large_graph/plantstexture_10NN.mtx,1599,10602,15.068625211715698,1.6146936416625977,192212.96875,813783.125,0.7638032015593835,13.26078799249531,36,plantstexture_10NN,8.034168004989624
326,data/new_large_graph/plantsmargin_12NN.mtx,1600,12741,15.484805345535278,1.621016263961792,191633.625,187842.25,-0.019784497631874363,15.92625,42,plantsmargin_12NN,6.606674432754517
327,data/new_large_graph/Plants_10NN.mtx,1600,10965,15.36959195137024,1.6347250938415527,92524.890625,152496.765625,0.3932665375177527,13.70625,36,Plants_10NN,6.00246000289917
328,data/new_large_graph/ex4.mtx,1601,16950,15.803860425949097,1.6219615936279297,69243.0390625,92970.0,0.2552109383403248,21.174266083697688,38,ex4,4.005309104919434
329,data/new_large_graph/bcspwr07.mtx,1612,3718,13.542297840118408,1.6637165546417236,119061.296875,1046851.25,0.8862672257639278,4.612903225806452,14,bcspwr07,6.748105525970459
330,data/new_large_graph/bcspwr08.mtx,1624,3837,13.87555193901062,1.7556908130645752,150077.796875,1009806.1875,0.851379602608149,4.725369458128079,15,bcspwr08,15.148329257965088
331,data/new_large_graph/ex7.mtx,1633,28088,18.188504457473755,1.7914767265319824,61069.38671875,76061.9453125,0.19710984950691404,34.400489895897124,76,ex7,4.749451398849487
332,data/new_large_graph/hangGlider_2.mtx,1647,7834,13.155716180801392,1.8136084079742432,437310.09375,913690.4375,0.5213804634460782,9.5130540376442,1464,hangGlider_2,8.089802742004395
333,data/new_large_graph/lung1.mtx,1650,5771,14.786788702011108,1.801495790481568,55937.08984375,1927970.625,0.9709865445466784,6.995151515151515,9,lung1,28.675392627716064
334,data/new_large_graph/ex6.mtx,1651,25592,17.814193248748783,1.8233015537261963,46059.0625,872870.875,0.9472326734466882,31.001817080557238,63,ex6,5.938991546630859
335,data/new_large_graph/filter2D.mtx,1668,6209,15.457159996032715,1.8575012683868408,25398.92578125,864658.1875,0.9706254724139184,7.44484412470024,10,filter2D,7.620025157928467
336,data/new_large_graph/utm1700b.mtx,1700,16326,18.370107889175415,1.9474654197692869,90416.0625,1044402.625,0.9134279631861324,19.20705882352941,30,utm1700b,9.086320638656616
337,data/new_large_graph/bcspwr09.mtx,1723,4117,15.64397931098938,2.08825421333313,140898.5,1146756.75,0.8771330537186722,4.778874056877539,16,bcspwr09,8.798468351364136
338,data/new_large_graph/epb0.mtx,1794,6269,17.552628517150882,2.3109827041625977,5586.1162109375,1069659.75,0.994777669991848,6.988851727982162,12,epb0,22.94087862968445
339,data/new_large_graph/ex3.mtx,1821,27253,21.266645431518555,2.379040241241455,101102.234375,1431993.625,0.9293975667140278,29.93190554640308,63,ex3,10.363614082336426
340,data/new_large_graph/nasa1824.mtx,1824,20516,20.14061784744263,2.376305103302002,156399.578125,279250.28125,0.4399304544120312,22.49561403508772,43,nasa1824,8.60256290435791
341,data/new_large_graph/spaceShuttleEntry_3.mtx,1834,14902,18.568188428878784,2.511110544204712,554928.25,802177.0,0.3082221878712553,16.25081788440567,1701,spaceShuttleEntry_3,14.314615964889526
342,data/new_large_graph/watt_1.mtx,1856,6672,18.51944303512573,2.590848684310913,166599.796875,1125134.25,0.8519289614772637,7.189655172413793,8,watt_1,7.210796594619751
343,data/new_large_graph/watt_2.mtx,1856,6798,18.412523746490482,2.575749158859253,160825.59375,1055991.625,0.8477018283644058,7.325431034482759,129,watt_2,8.453481197357178
344,data/new_large_graph/ukerbe1_dual.mtx,1866,3538,18.06278467178345,2.611181259155273,186066.0625,1618261.0,0.885020980855375,3.792068595927117,4,ukerbe1_dual,18.4128315448761
345,data/new_large_graph/rajat12.mtx,1879,7398,17.837905168533325,2.658060073852539,482697.5,834527.6875,0.4215919888218209,7.8744012772751475,1196,rajat12,7.3496339321136475
346,data/new_large_graph/lshp1882.mtx,1882,7393,18.97709059715271,2.64354944229126,20817.962890625,963780.125,0.9783996760769216,7.856535600425079,8,lshp1882,6.168642997741699
347,data/new_large_graph/CAG_mat1916.mtx,1916,166850,74.1815617084503,2.7528421878814697,420256.09375,436566.9375,0.03736161021126342,174.16492693110646,1135,CAG_mat1916,40.16341757774353
348,data/new_large_graph/plsk1919.mtx,1919,4831,19.758313179016113,2.7609171867370605,51590.32421875,1310862.5,0.9606439849955659,5.034914017717561,6,plsk1919,9.51888394355774
349,data/new_large_graph/plat1919.mtx,1919,17159,23.01616644859314,2.762270927429199,40155.265625,1156082.625,0.9652660936539896,17.883272537780094,20,plat1919,11.737112760543823
350,data/new_large_graph/bcsstk26.mtx,1922,16129,21.75315523147583,2.7927942276000977,153843.71875,1380534.5,0.8885622063410947,16.783558792924033,34,bcsstk26,7.733523368835449
351,data/new_large_graph/netz4504.mtx,1961,2578,19.455873966217037,3.0270309448242188,53226.8671875,1380207.625,0.96143560851035,2.6292707802141764,8,netz4504,10.077954769134521
352,data/new_large_graph/Goodwin_013.mtx,1965,30811,24.680978298187256,3.0520427227020264,82886.671875,135803.09375,0.3896554961583856,31.35979643765903,63,Goodwin_013,5.784405469894409
353,data/new_large_graph/dataset22mfeatzernike_10NN.mtx,2000,13707,23.2169451713562,3.1739752292633057,398864.0,517791.65625,0.2296824501022461,13.707,40,dataset22mfeatzernike_10NN,12.634950160980225
354,data/new_large_graph/olm2000.mtx,2000,5997,22.16574597358704,3.170717239379884,590.33984375,2119160.5,0.9997214274974692,5.997000000000001,7,olm2000,68.24114203453064
355,data/new_large_graph/G38.mtx,2000,11779,21.612847566604614,3.1734235286712646,665659.0,2081968.875,0.680274278836181,11.779000000000002,249,G38,19.057077884674072
356,data/new_large_graph/G39.mtx,2000,11778,21.62414026260376,3.1804294586181636,671737.125,2035181.875,0.6699375455080643,11.778,210,G39,18.729844093322754
357,data/new_large_graph/dataset16mfeatkarhunen_10NN.mtx,2000,13834,23.72525978088379,3.181795358657837,418203.375,524360.875,0.2024512221664136,13.834,39,dataset16mfeatkarhunen_10NN,8.557681322097778
358,data/new_large_graph/dataset18mfeatmorphological_10NN.mtx,2000,11416,23.86062073707581,3.1833171844482417,5146.16015625,1899262.125,0.9972904423836442,11.416,18,dataset18mfeatmorphological_10NN,19.971795797348022
359,data/new_large_graph/G29.mtx,2000,19990,25.97005414962769,3.1828396320343018,806202.5625,1827946.375,0.5589572136655268,19.99,38,G29,15.32277226448059
360,data/new_large_graph/G28.mtx,2000,19990,25.435917377471924,3.185729503631592,807133.6875,1736987.125,0.5353254633364078,19.99,35,G28,15.087457418441772
361,data/new_large_graph/G25.mtx,2000,19990,26.04906272888184,3.186752796173096,806694.8125,1812968.25,0.5550419526100361,19.99,39,G25,15.405460357666016
362,data/new_large_graph/G31.mtx,2000,19990,25.784960746765137,3.181161642074585,805394.0,1840028.25,0.5622925898012707,19.99,40,G31,15.348751544952393
363,data/new_large_graph/G30.mtx,2000,19990,25.95656776428223,3.173478126525879,806694.8125,1812410.625,0.5549050522146437,19.99,39,G30,15.284630537033081
364,data/new_large_graph/G24.mtx,2000,19990,25.947190761566162,3.184742212295532,806202.5625,1827969.125,0.5589627026659982,19.99,38,G24,15.38074803352356
365,data/new_large_graph/G32.mtx,2000,4000,20.21619486808777,3.1662044525146484,151692.53125,3666973.25,0.9586327685237408,4.0,4,G32,6.807424306869507
366,data/new_large_graph/G26.mtx,2000,19990,26.01414227485657,3.180705547332764,805394.0,1839798.125,0.5622378406326509,19.99,40,G26,15.373785018920898
367,data/new_large_graph/G27.mtx,2000,19990,25.59994721412659,3.1837494373321533,806317.75,1790384.0,0.5496397700158179,19.99,37,G27,15.50952410697937
368,data/new_large_graph/G33.mtx,2000,4000,20.229362010955807,3.1718194484710693,219410.9375,3132431.0,0.9299550612607268,4.0,4,G33,7.8109376430511475
369,data/new_large_graph/dataset20mfeatpixel_10NN.mtx,2000,13966,23.149699926376343,3.167867422103882,396505.25,451594.75,0.1219887963710827,13.966,54,dataset20mfeatpixel_10NN,18.8058340549469
370,data/new_large_graph/G37.mtx,2000,11785,21.354552268981934,3.175339937210083,667116.125,2059795.875,0.6761251281756256,11.785,279,G37,19.23287272453308
371,data/new_large_graph/G23.mtx,2000,19990,25.81395173072815,3.1657462120056152,808334.875,1787945.5,0.5478973632026256,19.99,36,G23,15.294865131378174
372,data/new_large_graph/G22.mtx,2000,19990,25.61828088760376,3.1681640148162837,806317.75,1790499.0,0.5496686957099669,19.99,37,G22,15.45777177810669
373,data/new_large_graph/G36.mtx,2000,11766,21.430529594421387,3.168705463409424,671133.5625,1972923.875,0.6598279482526918,11.765999999999998,326,G36,18.968763828277588
374,data/new_large_graph/Trefethen_2000.mtx,2000,21953,25.60197472572327,3.174485206604004,647094.25,1792185.25,0.6389356234239736,21.953000000000007,23,Trefethen_2000,8.330753326416016
375,data/new_large_graph/G34.mtx,2000,4000,20.43746566772461,3.1666138172149663,445713.0,2976413.5,0.8502516535420902,4.0,4,G34,7.995835542678833
376,data/new_large_graph/G35.mtx,2000,11778,21.311890363693237,3.177663326263428,671737.125,2035130.5,0.6699292133845962,11.778,210,G35,18.665892362594604
377,data/new_large_graph/bwm2000.mtx,2000,4998,21.922604322433468,3.18406081199646,1922.921630859375,2571986.0,0.9992523592154624,4.998,5,bwm2000,35.739859104156494
378,data/new_large_graph/G40.mtx,2000,11766,21.375278234481808,3.169591188430786,671133.5625,1972765.75,0.6598006821134238,11.765999999999998,326,G40,18.965824127197266
379,data/new_large_graph/G41.mtx,2000,11785,20.957510709762573,3.166675090789795,667116.125,2059864.875,0.6761359771232567,11.785,279,G41,19.210869789123535
380,data/new_large_graph/dataset12mfeatfactors_10NN.mtx,2000,13721,23.775389432907104,3.1647739410400386,374586.25,719979.875,0.4797267770852623,13.720999999999998,40,dataset12mfeatfactors_10NN,11.832881927490234
381,data/new_large_graph/G42.mtx,2000,11779,20.994912624359127,3.167458295822144,665659.0,2081818.75,0.6802512226388584,11.779000000000002,249,G42,19.097729444503784
382,data/new_large_graph/bcsstk13.mtx,2003,42943,29.115811824798584,3.175710439682007,310215.75,315855.40625,0.017855183537799583,42.878681977034454,96,bcsstk13,11.52083420753479
383,data/new_large_graph/west2021.mtx,2021,7341,21.103960514068607,3.2376701831817627,552576.125,1390198.75,0.6025200533376972,7.264720435428005,34,west2021,15.446112155914307
384,data/new_large_graph/piston.mtx,2025,51020,30.14160513877869,3.2619872093200684,24491.37109375,1942352.375,0.9873908712914412,50.390123456790114,64,piston,19.39026713371277
385,data/new_large_graph/rdb2048_noL.mtx,2048,7040,22.508863687515262,3.3276059627532963,57851.09375,1517248.75,0.9618710552570896,6.875,7,rdb2048_noL,4.996546745300293
386,data/new_large_graph/dw1024.mtx,2048,6142,22.242090940475464,3.330357551574707,146544.40625,1548294.0,0.9053510468619008,5.998046875,10,dw1024,5.855240106582642
387,data/new_large_graph/dw2048.mtx,2048,6142,22.06152558326721,3.3497693538665767,146544.40625,1548272.5,0.9053497325244748,5.998046875,10,dw2048,5.87968373298645
388,data/new_large_graph/delaunay_n11.mtx,2048,6127,22.219618558883667,3.34731125831604,310821.125,1546005.375,0.7989521058424522,5.9833984375,13,delaunay_n11,6.761225461959839
389,data/new_large_graph/rdb2048.mtx,2048,7040,22.39513874053955,3.32624888420105,57851.09375,1568125.25,0.9631081166826438,6.875,7,rdb2048,5.064099550247192
390,data/new_large_graph/Chebyshev2.mtx,2053,14347,8.745534181594849,3.350186586380005,752604.875,3349818.5,0.775329655920164,13.976619581100831,2054,Chebyshev2,1.8303382396697998
391,data/new_large_graph/nasa2146.mtx,2146,37198,30.184367656707764,3.845564603805542,55935.7265625,1524451.25,0.9633076318035751,34.667287977632796,37,nasa2146,11.148413181304932
392,data/new_large_graph/ex26.mtx,2163,48098,33.30266499519348,3.87380623817444,220986.140625,288616.78125,0.23432677868588075,44.47341655108645,137,ex26,14.76874566078186
393,data/new_large_graph/c-18.mtx,2169,8657,24.28753423690796,3.939646720886232,568166.25,2091843.875,0.7283897441915927,7.98248040571692,171,c-18,29.81713032722473
394,data/new_large_graph/M40PI_n.mtx,2182,3143,23.863738298416138,3.938597679138184,200236.671875,2633991.0,0.9239797433343546,2.880843263061412,12,M40PI_n,60.37803673744202
395,data/new_large_graph/S40PI_n.mtx,2182,3143,24.11277174949646,3.9469614028930655,200236.671875,2633946.75,0.9239784662028572,2.880843263061412,12,S40PI_n,60.30191779136658
396,data/new_large_graph/ex20.mtx,2203,36092,31.52561187744141,4.0285301208496085,139461.078125,171804.90625,0.1882590481900164,32.766227871084894,68,ex20,12.485103607177734
397,data/new_large_graph/orsreg_1.mtx,2205,8169,26.15245532989502,4.080681562423706,132298.3125,1708348.75,0.92255778423463,7.40952380952381,8,orsreg_1,5.260291337966919
398,data/new_large_graph/lshp2233.mtx,2233,8785,26.11603283882141,4.344426393508911,29097.982421875,1664902.875,0.9825227147728512,7.868338557993733,8,lshp2233,6.680012226104736
399,data/new_large_graph/ex24.mtx,2283,25510,30.867361783981323,4.595531702041626,84618.953125,1446393.0,0.9414965689650048,22.347787998247924,47,ex24,17.826660633087158
400,data/new_large_graph/Sieber.mtx,2290,10297,10.064275503158571,4.608283758163452,934206.25,3036950.0,0.6923866873014044,8.993013100436679,2290,Sieber,1.7492856979370117
401,data/new_large_graph/lowThrust_2.mtx,2312,13772,28.707334518432607,4.751303195953369,692089.4375,2697967.5,0.7434774742468173,11.91349480968858,899,lowThrust_2,26.26825714111328
402,data/new_large_graph/c-19.mtx,2327,12072,21.961753368377686,4.873601913452148,684843.9375,2209222.5,0.690006806693305,10.375590889557367,363,c-19,26.875689029693604
403,data/new_large_graph/heart2.mtx,2339,342568,132.87797164916992,4.932828187942505,461655.0625,480096.6875,0.03841231460277466,292.91834117144083,604,heart2,34.57023072242737
404,data/new_large_graph/heart3.mtx,2339,342568,130.41508722305298,4.934600353240967,461655.0625,492600.125,0.0628198429710102,292.91834117144083,604,heart3,34.466418504714966
405,data/new_large_graph/add20.mtx,2395,9857,29.528718948364247,5.612040281295776,687762.25,2576317.25,0.7330444261086246,8.231315240083507,125,add20,42.36525511741638
406,data/new_large_graph/rdist3a.mtx,2398,57583,40.653268337249756,5.5542166233062735,327546.375,349361.875,0.06244384851667058,48.025854879065896,120,rdist3a,25.56941556930542
407,data/new_large_graph/YaleB_10NN.mtx,2414,17404,33.543043851852424,6.027890682220459,394698.65625,400518.65625,0.014531158309807196,14.419221209610605,53,YaleB_10NN,8.574293613433838
408,data/new_large_graph/MISKnowledgeMap.mtx,2427,28511,39.62837362289429,6.04084849357605,805533.5,997719.125,0.19262497849783125,23.494849608570252,80,MISKnowledgeMap,31.761310338974
409,data/new_large_graph/spaceShuttleEntry_4.mtx,2450,20534,31.62878942489624,6.315966844558716,1003709.75,1304987.0,0.2308660929189333,16.762448979591838,2273,spaceShuttleEntry_4,23.75788950920105
410,data/new_large_graph/cryg2500.mtx,2500,7450,31.948885679244995,7.009784936904907,72592.453125,2462067.5,0.9705156527491632,5.96,7,cryg2500,7.387722492218018
411,data/new_large_graph/orani678.mtx,2529,86979,54.51504945755005,7.3440916538238525,823565.0,863507.125,0.04625569823757968,68.785290628707,1546,orani678,39.18900752067566
412,data/new_large_graph/qc2534.mtx,2534,232947,90.74712777137756,7.346598148345947,223895.03125,2276898.0,0.9016666397660326,183.85714285714286,184,qc2534,35.849992513656616
413,data/new_large_graph/cz2548.mtx,2548,20676,37.30254149436951,7.707644462585449,101602.3125,3740467.5,0.9728370016582152,16.229199372056517,29,cz2548,16.678067684173584
414,data/new_large_graph/diag.mtx,2559,4092,30.259599208831787,7.658867835998535,810787.25,4428390.0,0.8169115073423976,3.1981242672919112,4,diag,14.173335313796997
415,data/new_large_graph/ex13.mtx,2568,39098,41.748916387557976,7.897400617599487,92990.453125,1962960.625,0.952627448589296,30.45015576323988,51,ex13,17.0571072101593
416,data/new_large_graph/cavity14.mtx,2597,41480,40.988038539886475,8.346498250961304,132404.078125,631142.0,0.7902150734303849,31.944551405467852,63,cavity14,24.389981031417847
417,data/new_large_graph/cavity15.mtx,2597,41480,42.66365051269531,8.384184837341309,132404.078125,952734.1875,0.8610272625227905,31.944551405467852,63,cavity15,24.28615713119507
418,data/new_large_graph/cavity12.mtx,2597,41480,41.537440538406365,8.388720750808716,132404.078125,287284.6875,0.5391189162318302,31.944551405467852,63,cavity12,24.25091528892517
419,data/new_large_graph/cavity13.mtx,2597,41480,42.364333868026726,8.384687185287477,132404.078125,3264963.25,0.9594469928183724,31.944551405467852,63,cavity13,24.308550357818604
420,data/new_large_graph/cavity11.mtx,2597,41480,41.519566535949714,8.402288913726808,132404.078125,2986989.0,0.9556730613587796,31.944551405467852,63,cavity11,24.23229718208313
421,data/new_large_graph/cavity10.mtx,2597,41480,42.58019042015076,8.375404596328735,132404.078125,985702.5,0.8656754161372219,31.944551405467852,63,cavity10,24.150958776474
422,data/new_large_graph/ex28.mtx,2603,40192,41.72228479385376,8.669344186782839,205008.171875,2094027.875,0.9020986423712244,30.881290818286594,63,ex28,38.43578553199768
423,data/new_large_graph/lshp2614.mtx,2614,10297,35.48577880859375,8.843127727508545,39635.65625,2463371.5,0.983909996421571,7.878347360367253,8,lshp2614,12.492344856262207
424,data/new_large_graph/circuit_1.mtx,2624,19214,37.38396859169006,8.987988233566282,1208148.5,1837429.875,0.3424791245434605,14.644817073170733,2572,circuit_1,6.050987005233765
425,data/new_large_graph/dwt_2680.mtx,2680,13853,38.89906907081604,9.753857135772703,111503.8828125,2305240.25,0.9516302551057314,10.338059701492536,20,dwt_2680,29.7386314868927
426,data/new_large_graph/extr1b_A_32.mtx,2836,9017,41.526312351226814,12.87310528755188,943189.5,4188888.75,0.7748353904123141,6.3589562764456975,20,extr1b_A_32,23.98717212677002
427,data/new_large_graph/extr1b_A_26.mtx,2836,11385,42.294547080993645,12.867268562316895,1096974.625,5054141.5,0.7829553001236709,8.028913963328634,20,extr1b_A_26,29.146673440933228
428,data/new_large_graph/extr1b_A_27.mtx,2836,9017,41.48385190963745,12.894169092178345,943189.5,5034661.5,0.8126607915944299,6.3589562764456975,20,extr1b_A_27,23.830920934677124
429,data/new_large_graph/extr1b_A_33.mtx,2836,9016,41.46791315078735,12.831661462783813,943270.125,5897353.5,0.8400519614433829,6.358251057827928,20,extr1b_A_33,23.95758891105652
430,data/new_large_graph/extr1b_A_25.mtx,2836,9017,41.95527124404907,12.869781017303467,943189.5,5625191.0,0.8323275600775156,6.3589562764456975,20,extr1b_A_25,23.912535905838013
431,data/new_large_graph/extr1b_A_31.mtx,2836,11385,43.142401695251465,12.890668630599976,1096974.625,3218631.0,0.659179749092083,8.028913963328634,20,extr1b_A_31,29.22620415687561
432,data/new_large_graph/extr1b_A_19.mtx,2836,11384,42.46334958076478,12.910080432891846,1097051.75,5742786.0,0.8089687218015785,8.028208744710861,20,extr1b_A_19,28.717166423797607
433,data/new_large_graph/extr1b_A_18.mtx,2836,9016,41.10596823692322,12.82900094985962,943270.125,5410721.0,0.8256664638594375,6.358251057827928,20,extr1b_A_18,23.797295570373535
434,data/new_large_graph/extr1b_A_30.mtx,2836,9017,41.13291788101196,12.887715101242065,943189.5,5256806.5,0.8205774741756235,6.3589562764456975,20,extr1b_A_30,23.9191632270813
435,data/new_large_graph/extr1b_A_24.mtx,2836,11384,42.21637558937073,12.846406698226929,1097051.75,3582297.25,0.6937574764349888,8.028208744710861,20,extr1b_A_24,28.692452669143677
436,data/new_large_graph/extr1b_A_08.mtx,2836,9017,41.380027770996094,12.894270658493042,943189.5,4800642.5,0.8035284860307761,6.3589562764456975,20,extr1b_A_08,23.987133502960205
437,data/new_large_graph/extr1b_A_20.mtx,2836,9017,40.97062611579896,12.94302463531494,943189.5,1684484.25,0.440072235759996,6.3589562764456975,20,extr1b_A_20,23.883190393447876
438,data/new_large_graph/extr1b_A_34.mtx,2836,11384,41.98538637161255,12.864267110824585,1097051.75,4140128.0,0.7350198472124533,8.028208744710861,20,extr1b_A_34,28.649990558624268
439,data/new_large_graph/extr1b_A_35.mtx,2836,9017,41.28274416923522,12.864145040512085,943189.5,4395652.0,0.7854267125787028,6.3589562764456975,20,extr1b_A_35,23.963080644607544
440,data/new_large_graph/extr1b_A_21.mtx,2836,11385,41.86073112487793,12.885135412216187,1096974.625,1433979.125,0.2350135327109452,8.028913963328634,20,extr1b_A_21,29.218629360198975
441,data/new_large_graph/extr1b_A_09.mtx,2836,9017,41.05479860305786,12.868015050888062,943189.5,3886646.0,0.7573255964139775,6.3589562764456975,20,extr1b_A_09,24.082428693771362
442,data/new_large_graph/extr1b_A_37.mtx,2836,11385,41.6134660243988,12.912259101867676,1096974.625,4363733.0,0.7486155488889902,8.028913963328634,20,extr1b_A_37,29.288796424865723
443,data/new_large_graph/extr1b_A_23.mtx,2836,9016,40.8447630405426,12.819060802459715,943270.125,2943106.0,0.6794984193569651,6.358251057827928,20,extr1b_A_23,23.72175097465515
444,data/new_large_graph/extr1b_A_22.mtx,2836,9017,40.91162085533142,12.79782509803772,943189.5,3691714.0,0.7445117633706186,6.3589562764456975,20,extr1b_A_22,23.98058009147644
445,data/new_large_graph/extr1b_A_36.mtx,2836,9017,40.639126300811775,12.892842531204224,943189.5,4710693.5,0.7997769330566721,6.3589562764456975,20,extr1b_A_36,24.08405065536499
446,data/new_large_graph/extr1b_A_44.mtx,2836,9016,40.918184757232666,12.892146110534668,943270.125,5224819.0,0.8194635785469315,6.358251057827928,20,extr1b_A_44,23.693087577819824
447,data/new_large_graph/extr1b_A_43.mtx,2836,9017,40.728482961654656,12.944013357162476,943189.5,3405177.75,0.7230131378604244,6.3589562764456975,20,extr1b_A_43,23.966790914535522
448,data/new_large_graph/extr1b_A_42.mtx,2836,11385,41.480520725250244,12.841099739074707,1096974.625,5215732.5,0.7896796614857069,8.028913963328634,20,extr1b_A_42,29.244231939315796
449,data/new_large_graph/extr1b_A_40.mtx,2836,11384,41.47076320648194,12.881047248840332,1097051.75,1627187.625,0.3257988610870858,8.028208744710861,20,extr1b_A_40,28.56580138206482
450,data/new_large_graph/extr1b_A_41.mtx,2836,9017,40.733313322067254,12.863161087036133,943189.5,4710660.0,0.7997755091643209,6.3589562764456975,20,extr1b_A_41,23.93084454536438
451,data/new_large_graph/extr1b_S.mtx,2836,20714,44.0279426574707,12.83367395401001,1362401.125,3047951.75,0.5530109277484462,14.60789844851904,39,extr1b_S,30.87266778945923
452,data/new_large_graph/extr1b.mtx,2836,11382,41.89629435539245,12.898133277893065,1048847.25,5751605.0,0.8176426840855726,8.026798307475318,20,extr1b,30.288156032562256
453,data/new_large_graph/extr1b_A_13.mtx,2836,9017,40.738807678222656,12.875993251800535,943189.5,5082451.0,0.8144223131713421,6.3589562764456975,20,extr1b_A_13,23.854355573654175
454,data/new_large_graph/extr1b_A_07.mtx,2836,11385,41.695855617523186,12.923520803451538,1096974.625,2915771.0,0.6237788821550115,8.028913963328634,20,extr1b_A_07,29.200323581695557
455,data/new_large_graph/extr1b_A_06.mtx,2836,10947,41.14504647254944,12.916137456893921,1054233.75,3842297.5,0.7256241220259493,7.7200282087447105,19,extr1b_A_06,19.251340627670288
456,data/new_large_graph/extr1b_A_12.mtx,2836,9017,40.54438209533691,12.952098846435547,943189.5,5499667.0,0.8285006164918712,6.3589562764456975,20,extr1b_A_12,23.860799312591553
457,data/new_large_graph/extr1b_A_04.mtx,2836,10946,41.951063632965095,12.891162395477295,1054264.0,4254881.5,0.7522224767011725,7.7193229901269405,19,extr1b_A_04,19.354410409927368
458,data/new_large_graph/extr1b_A_10.mtx,2836,9017,40.6173882484436,12.847524642944336,943189.5,4603976.0,0.7951358782061418,6.3589562764456975,20,extr1b_A_10,23.91007399559021
459,data/new_large_graph/extr1b_A_38.mtx,2836,9017,40.89194011688232,12.850421905517578,943189.5,4314342.5,0.7813827947132153,6.3589562764456975,20,extr1b_A_38,23.9392991065979
460,data/new_large_graph/extr1b_A_39.mtx,2836,9016,40.81024503707886,12.915435552597046,943270.125,5531208.0,0.8294639932181179,6.358251057827928,20,extr1b_A_39,24.128820180892944
461,data/new_large_graph/extr1b_A_11.mtx,2836,9017,40.81777048110962,12.850512266159058,943189.5,4347161.0,0.7830332255925189,6.3589562764456975,20,extr1b_A_11,24.021101713180542
462,data/new_large_graph/extr1b_A_05.mtx,2836,10946,41.38992023468017,13.204473733901978,1054264.0,1532249.0,0.3119499506933925,7.7193229901269405,19,extr1b_A_05,19.31037402153015
463,data/new_large_graph/extr1b_A_29.mtx,2836,11384,41.97381043434143,12.839390754699707,1097051.75,4464461.0,0.7542700563405078,8.028208744710861,20,extr1b_A_29,28.493090867996216
464,data/new_large_graph/extr1b_A_01.mtx,2836,10946,41.73975825309753,12.913342237472534,1054261.5,4104523.75,0.7431464490855973,7.7193229901269405,19,extr1b_A_01,19.339112758636475
465,data/new_large_graph/extr1b_A_15.mtx,2836,9016,40.983411073684685,12.908833503723145,943270.125,3855827.0,0.7553650293438995,6.358251057827928,20,extr1b_A_15,23.798091650009155
466,data/new_large_graph/extr1b_A_14.mtx,2836,9016,40.77928900718689,12.910063743591307,943270.125,5053438.5,0.8133409311303581,6.358251057827928,20,extr1b_A_14,23.662397146224976
467,data/new_large_graph/extr1b_A_28.mtx,2836,9016,40.90786218643189,12.87679147720337,943270.125,4766476.0,0.8021032467172813,6.358251057827928,20,extr1b_A_28,23.80449342727661
468,data/new_large_graph/extr1b_A_16.mtx,2836,9016,40.70694923400879,12.832043886184692,943270.125,5162382.0,0.8172800608323831,6.358251057827928,20,extr1b_A_16,23.912545680999756
469,data/new_large_graph/extr1b_A_02.mtx,2836,10946,41.742374420166016,12.942769765853882,1054264.0,4479383.0,0.7646407998601593,7.7193229901269405,19,extr1b_A_02,19.132689714431763
470,data/new_large_graph/extr1b_A_03.mtx,2836,10946,41.5423526763916,12.889642238616945,1054264.0,1820807.125,0.4209908421793989,7.7193229901269405,19,extr1b_A_03,19.186784982681274
471,data/new_large_graph/extr1b_A_17.mtx,2836,11384,41.643950462341316,12.91352081298828,1097051.75,1619028.375,0.3224011592755439,8.028208744710861,20,extr1b_A_17,28.706987857818604
472,data/new_large_graph/extr1.mtx,2837,11383,41.80562973022461,12.772791385650635,1048226.625,2136334.0,0.5093339220365355,8.024673951357068,20,extr1,31.899388790130615
473,data/new_large_graph/data.mtx,2851,15093,43.71800208091736,12.889676332473755,78676.2890625,2620773.0,0.9699797391599728,10.587863907400912,17,data,22.644011735916138
474,data/new_large_graph/dynamicSoaringProblem_3.mtx,2871,16818,40.829835653305054,13.35392689704895,1029150.875,3275040.5,0.6857593440447529,11.715778474399164,1077,dynamicSoaringProblem_3,44.86910891532898
475,data/new_large_graph/g7jac010.mtx,2880,19040,44.96486330032349,13.530090808868408,935890.75,3785219.5,0.7527512605279562,13.222222222222221,50,g7jac010,25.502957820892334
476,data/new_large_graph/g7jac010sc.mtx,2880,19040,45.079850912094116,13.599907636642456,935890.75,3344402.0,0.7201620050460441,13.222222222222221,50,g7jac010sc,25.497761726379395
477,data/new_large_graph/wang1.mtx,2903,10998,44.28889465332031,13.927011251449585,650722.75,3496028.0,0.8138679810344769,7.576989321391664,8,wang1,12.31533670425415
478,data/new_large_graph/wang2.mtx,2903,10998,44.43335294723511,13.922693252563475,650722.75,3283648.0,0.8018293221441519,7.576989321391664,8,wang2,12.209789037704468
479,data/new_large_graph/meg1.mtx,2904,58073,58.472320318222046,13.961644411087036,1251854.0,3475114.75,0.6397661400965249,39.99517906336088,493,meg1,47.51893758773804
480,data/new_large_graph/nasa2910.mtx,2910,88603,66.17709136009215,14.121496677398682,528758.375,656709.0,0.1948361070123905,60.89553264604811,176,nasa2910,22.124954223632812
481,data/new_large_graph/c-20.mtx,2921,12803,43.04823589324951,14.180363655090332,1084598.0,3811509.75,0.7154413680825558,8.766175967134544,159,c-20,46.91894006729126
482,data/new_large_graph/lhr02.mtx,2954,37070,53.373243808746345,15.121897459030151,720894.625,744833.0625,0.032139332563529965,25.09817197020989,69,lhr02,36.49077296257019
483,data/new_large_graph/pde2961.mtx,2961,8773,44.86744904518128,15.15195631980896,99829.703125,3180186.75,0.9686088550853184,5.925700776764606,6,pde2961,10.359555721282959
484,data/new_large_graph/G49.mtx,3000,6000,44.86756062507629,16.41017484664917,475904.1875,8407628.0,0.9433961412778968,4.0,4,G49,21.67263174057007
485,data/new_large_graph/G48.mtx,3000,6000,44.91601514816284,16.335201740264893,1021274.25,6733099.0,0.8483203276826912,4.0,4,G48,17.077556371688843
486,data/new_large_graph/G50.mtx,3000,6000,44.824867248535156,16.335570096969604,351269.15625,7430658.0,0.9527270456734788,4.0,4,G50,11.571075916290283
487,data/new_large_graph/iprob.mtx,3001,6000,15.753875494003296,16.33121609687805,1596008.0,3610098.25,0.5579045528747036,3.998667110963012,3000,iprob,1.8195016384124756
488,data/new_large_graph/laser.mtx,3002,5000,45.2883448600769,16.345752477645874,6373.59326171875,4768056.0,0.9986632721466108,3.331112591605596,4,laser,123.77220749855042
489,data/new_large_graph/bayer08.mtx,3008,27483,50.72917413711548,16.379754066467285,1053803.5,1129692.5,0.06717668746141096,18.273271276595747,102,bayer08,44.480797290802
490,data/new_large_graph/bayer06.mtx,3008,27483,50.51687741279602,16.427929639816284,1053803.5,1167693.5,0.09753415600926099,18.273271276595747,102,bayer06,44.255964279174805
491,data/new_large_graph/lshp3025.mtx,3025,11929,47.378187894821174,16.615469694137573,52808.453125,3373146.5,0.9843444531315196,7.886942148760331,8,lshp3025,14.090551614761353
492,data/new_large_graph/utm3060.mtx,3060,31940,56.42208003997803,17.548539638519287,595978.875,3374207.0,0.8233721656673701,20.87581699346405,30,utm3060,26.29785442352295
493,data/new_large_graph/mycielskian12.mtx,3071,203600,31.31053805351257,17.224567651748654,1706769.0,2135142.75,0.2006300281327794,132.59524584825792,1535,mycielskian12,22.274681568145752
494,data/new_large_graph/conf5_0-4x4-14.mtx,3072,64512,68.33767008781433,17.965778827667233,1745520.5,5402765.0,0.6769208914324425,42.0,42,conf5_0-4x4-14,14.912403583526611
495,data/new_large_graph/conf6_0-4x4-20.mtx,3072,64512,68.17452549934386,17.86190962791443,1745520.5,1810451.25,0.035864401209367014,42.0,42,conf6_0-4x4-20,14.795533180236816
496,data/new_large_graph/conf6_0-4x4-30.mtx,3072,64512,68.20445775985718,17.80863380432129,1745520.5,4060960.5,0.5701705298537132,42.0,42,conf6_0-4x4-30,14.949847936630249
497,data/new_large_graph/conf5_0-4x4-10.mtx,3072,64512,70.82529664039613,17.819150686264038,1745520.5,4155951.5,0.5799949782859593,42.0,42,conf5_0-4x4-10,14.858790636062622
498,data/new_large_graph/conf5_0-4x4-22.mtx,3072,64512,67.71516370773314,17.786290407180786,1745520.5,5341499.0,0.6732152341505634,42.0,42,conf5_0-4x4-22,14.925924062728882
499,data/new_large_graph/conf5_0-4x4-18.mtx,3072,64512,68.04147505760193,17.707523107528687,1745520.5,4445784.0,0.6073762243059941,42.0,42,conf5_0-4x4-18,14.752865552902222
500,data/new_large_graph/conf5_0-4x4-26.mtx,3072,64512,68.49175906181335,17.802117824554447,1745520.5,5196740.0,0.6641124050847262,42.0,42,conf5_0-4x4-26,14.893225193023682
501,data/new_large_graph/ex36.mtx,3079,28461,53.673415184020996,18.06219267845153,137233.21875,2237383.5,0.9386635242684144,18.48717115946736,38,ex36,43.859697580337524
502,data/new_large_graph/bayer09.mtx,3083,20992,51.1498920917511,18.13247585296631,1091822.5,3431562.25,0.6818293184102955,13.61790463833928,70,bayer09,38.36163854598999
503,data/new_large_graph/ex8.mtx,3096,54720,66.2709481716156,18.352798223495483,137040.84375,2975763.5,0.9539476696484784,35.34883720930233,76,ex8,15.607317209243774
504,data/new_large_graph/bcsstk23.mtx,3134,24156,57.278680324554436,19.04875326156616,605248.6875,2582310.5,0.7656173850898256,15.415443522654755,32,bcsstk23,17.26608896255493
505,data/new_large_graph/grid2_dual.mtx,3136,6112,50.11195707321167,18.908249616622925,131253.4375,3320754.0,0.9604748085826292,3.8979591836734695,4,grid2_dual,59.5277464389801
506,data/new_large_graph/psmigr_1.mtx,3140,413921,336.0835247039795,19.159923791885376,1693953.5,2841777.5,0.403910580613718,263.643949044586,2746,psmigr_1,81.48483681678772
507,data/new_large_graph/psmigr_2.mtx,3140,410781,322.37615275383,19.224663496017453,1693953.5,3219233.5,0.4738022265237983,261.643949044586,2744,psmigr_2,85.23791170120239
508,data/new_large_graph/psmigr_3.mtx,3140,413921,342.89316511154175,19.155827522277832,1693953.5,3068997.75,0.4480434206900282,263.643949044586,2746,psmigr_3,84.94398379325867
509,data/new_large_graph/swang1.mtx,3169,12005,53.607496738433845,19.692718029022213,132843.46875,3741910.75,0.964498493516982,7.576522562322498,11,swang1,28.938422203063965
510,data/new_large_graph/swang2.mtx,3169,12005,55.42313742637634,19.63008260726929,132843.46875,3886984.0,0.9658235102717172,7.576522562322498,11,swang2,29.024640560150146
511,data/new_large_graph/garon1.mtx,3175,46051,70.7816605567932,19.631166219711304,66825.5,3227606.5,0.9792956483387922,29.00850393700788,46,garon1,29.865609407424927
512,data/new_large_graph/dynamicSoaringProblem_4.mtx,3191,19155,52.042575120925896,20.06384301185608,1263494.0,3401784.0,0.6285790044282648,12.005640864932625,1197,dynamicSoaringProblem_4,55.73901295661926
513,data/new_large_graph/rdist2.mtx,3198,55640,69.0171980857849,20.18681669235229,708647.5625,872123.0,0.1874453918770632,34.796747967479675,80,rdist2,35.89659285545349
514,data/new_large_graph/rdb3200l.mtx,3200,11040,53.69042420387268,20.25571227073669,132304.265625,3826295.0,0.9654223561892118,6.9,7,rdb3200l,9.420588970184326
515,data/new_large_graph/raefsky2.mtx,3242,148759,106.33513379096985,20.99092960357666,801026.3125,1533949.875,0.4778015073667254,91.76989512646514,109,raefsky2,26.69788098335266
516,data/new_large_graph/raefsky1.mtx,3242,148759,101.63973546028136,21.053829431533813,801026.3125,861992.3125,0.07072684885458302,91.76989512646514,109,raefsky1,26.615255117416382
517,data/new_large_graph/ex14.mtx,3251,35013,67.63926553726196,21.240962028503414,230136.34375,3672564.0,0.9373363285840628,21.539833897262373,38,ex14,11.788665771484375
518,data/new_large_graph/bayer05.mtx,3268,27743,61.526802778244026,21.622874021530148,1243297.25,4159634.5,0.7011042075932392,16.97858017135863,102,bayer05,52.2495014667511
519,data/new_large_graph/bayer07.mtx,3268,27743,59.57578539848328,21.657829761505127,1243297.25,1338461.0,0.07109938205147552,16.97858017135863,102,bayer07,52.03746581077576
520,data/new_large_graph/dynamicSoaringProblem_5.mtx,3271,19314,54.287297487258904,21.514417886734012,1333083.125,3831153.25,0.6520412946154007,11.809232650565574,1227,dynamicSoaringProblem_5,58.66673302650452
521,data/new_large_graph/grid2.mtx,3296,6432,54.984641551971436,21.625391483306885,152377.703125,3014778.75,0.9494564225898832,3.9029126213592233,5,grid2,25.041419744491577
522,data/new_large_graph/Goodwin_017.mtx,3317,52881,69.6939377784729,22.08209252357483,201407.828125,7800486.0,0.9741800923525792,31.88483569490504,63,Goodwin_017,12.466890811920166
523,data/new_large_graph/ex9.mtx,3363,51417,69.06710147857666,22.198984861373898,153498.28125,3783065.5,0.9594248946390168,30.57805530776093,51,ex9,34.00043797492981
524,data/new_large_graph/raefsky6.mtx,3402,137845,111.08689069747923,22.22335171699524,695241.25,4664956.0,0.8509651002067329,81.03762492651381,183,raefsky6,25.233851194381714
525,data/new_large_graph/dynamicSoaringProblem_6.mtx,3431,19335,59.28254175186157,23.92391347885132,1474764.75,3460459.25,0.5738239801552352,11.27076654036724,1287,dynamicSoaringProblem_6,64.06758713722229
526,data/new_large_graph/shermanACa.mtx,3432,23436,65.03899550437927,24.52517509460449,1787968.25,3601837.5,0.503595525894769,13.657342657342653,2499,shermanACa,29.408462524414062
527,data/new_large_graph/thermal.mtx,3456,34992,71.23286533355713,25.3122832775116,263586.25,9379095.0,0.97189640898189,20.25,28,thermal,26.067185878753662
528,data/new_large_graph/lshp3466.mtx,3466,13681,63.35118579864502,25.861401557922363,69041.4609375,4541654.0,0.98479816803801,7.894402769763416,8,lshp3466,15.480618238449097
529,data/new_large_graph/c-21.mtx,3509,17833,48.232160329818726,26.68634986877441,1576429.75,4957003.0,0.6819792624696818,10.164149330293533,452,c-21,61.185627937316895
530,data/new_large_graph/dynamicSoaringProblem_7.mtx,3511,19827,61.50107288360596,26.516653299331665,1550850.75,5850820.5,0.7349344848299482,11.294218171461122,1317,dynamicSoaringProblem_7,67.21664357185364
531,data/new_large_graph/cage9.mtx,3534,22564,70.50094175338745,27.294034957885746,1177766.5,4644833.0,0.7464351247935072,12.769666100735712,24,cage9,64.66104197502136
532,data/new_large_graph/dynamicSoaringProblem_8.mtx,3543,20064,63.14435887336731,27.353612422943115,1567558.375,3628956.5,0.5680415637387772,11.325994919559696,1329,dynamicSoaringProblem_8,68.09266400337219
533,data/new_large_graph/heart1.mtx,3557,695665,445.31921362876886,27.909116983413696,1108884.0,1277006.75,0.13165376768760229,391.1526567332022,1121,heart1,97.8765823841095
534,data/new_large_graph/bcsstk24.mtx,3562,81736,88.3778567314148,27.95663022994995,181958.390625,5151514.5,0.9646786608821541,45.893318360471646,58,bcsstk24,24.666093587875366
535,data/new_large_graph/saylr4.mtx,3564,12940,65.88013434410095,27.951286792755127,321648.75,4866188.5,0.9339012966719228,7.261503928170595,8,saylr4,14.644872426986694
536,data/new_large_graph/c-22.mtx,3792,16332,70.29161953926085,33.42244672775269,1825879.75,6390839.0,0.7142973324785682,8.613924050632912,209,c-22,99.67339420318604
